Area,ConvexArea,Perimeter,ConvexPerimeter,EquivDiameter,MajorAxisLength,MinorAxisLength,Elongation,Compactness,Eccentricity,Solidity,Extent,Circularity,RadialDistanceSD,SecondMoment,Roughness,MinIntensity,MaxIntensity,MeanIntensity,SDIntensity,MinIntensityBG,MaxIntensityBG,MeanIntensityBG,SDIntensityBG,IntensityDifference,markov1,markov2,markov3,markov4,markov5,gabormean_0_0,gaborSD_0_0,gabormean_0_1,gaborSD_0_1,gabormean_0_2,gaborSD_0_2,gabormean_1_0,gaborSD_1_0,gabormean_1_1,gaborSD_1_1,gabormean_1_2,gaborSD_1_2,gabormean_2_0,gaborSD_2_0,gabormean_2_1,gaborSD_2_1,gabormean_2_2,gaborSD_2_2,gabormean_3_0,gaborSD_3_0,gabormean_3_1,gaborSD_3_1,gabormean_3_2,gaborSD_3_2,Contrast,Correlation,Energy,Homogeneity,Entropy,x_3rdordermoment,Inversevariance,Sumaverage,Variance,Clustertendency,MaxProbability,Malignancy_1,Malignancy_2,Malignancy_3,Malignancy_4
1094,1286,168.8528137,135.3729182,37.32189789,42.80368683,35.83490024,1.194469262,2.073907672,0.546909233,0.850699844,0.625858124,0.750176757,8.399399399,0.177880999,0.198278577,174,1245,950.585,258.1061,82,1134,335.4908,198.5287,615.0942,9586.22,65166.59,791635.88,674028.11,161.4294,29.9462,36.8423,27.1047,40.1055,128.6974,97.6421,30.9588,38.7879,33.3741,30.2777,31.0286,38.2095,31.4777,32.4242,25.7592,34.3867,128.5395,96.7572,52.2122,49.4067,56.1276,42.3147,43.036,45.5609,30300,0.894,0.0003,0.0532,8.15,1290000,0.0223,661,143000,541000,0.0009,5,5,5,4
161,167,51.45584412,49.20108142,14.31752656,18.12506795,11.57466258,1.565926248,1.308680629,0.769539115,0.964071856,0.706140351,0.835769355,3.372750613,0.178503197,0.043819371,127,1039,605.9193,296.5192,115,387,206.2687,69.9622,399.6506,1604.65,3366.75,429007.24,460743.67,144.5988,87.0526,57.9728,38.5307,44.359,106.557,72.7484,68.1491,47.5899,88.9956,52.7838,52.0088,47.653,76.8684,51.694,78.193,61.7426,106.7149,71.5855,81.9123,57.005,117.2149,55.2944,79.8596,53.2758,61400,0.692,0.0027,0.0312,6.03,-469000,0.0107,420,98700,333000,0.0043,4,4,3,2
246,251,58.76955262,57.72113208,17.6979357,18.32499121,17.32131246,1.057944728,1.117274272,0.326408034,0.980079681,0.719298246,0.927844698,0.918958742,0.160865473,0.017839519,70,1045,716.8821,345.1841,90,933,282.7188,246.0274,434.1634,25752.83,15205.08,599663.7,562979.42,301.5248,52.4649,49.6952,33.8743,46.7841,122.0117,84.9098,38.5497,50.5886,49.4766,48.5758,46.3655,48.2831,38.9298,39.7515,41.7982,54.4686,122.4415,83.886,66.9591,59.9375,78.4883,49.1378,56.0731,51.6399,58900,0.793,0.0018,0.0764,6.43,8600000,0.0392,565,137000,492000,0.0052,4,5,3,2
71,73,32.14213562,31.49473652,9.507891863,10.52835183,8.908659591,1.181810992,1.157927173,0.532930537,0.97260274,0.788888889,0.899481538,0.988913754,0.165091322,0.020141758,182,1942,635.3521,477.3864,201,700,292.3158,109.1131,343.0363,13289.66,5844.99,501398.45,459387.19,446.4827,99.8222,66.1494,84.4111,71.6271,104.3444,70.262,71.0556,43.1755,73.4333,51.3516,68.9,45.9587,59.4222,63.2463,51.2222,57.8339,98.7444,66.9247,76.7111,54.7189,96.7,70.8573,68.4889,51.1403,172000,0.634,0.0076,0.0296,4.98,15500000,0.0097,403,200000,650000,0.0105,2,1,1,1
120,127,42.627417,41.0639669,12.36077446,13.94604858,11.23066022,1.241783503,1.204999661,0.592876561,0.94488189,0.714285714,0.89427133,1.441467668,0.165600694,0.036677101,133,941,490.325,236.4088,130,351,209.3958,54.7554,280.9292,1792.84,3169.6,279381.89,244933.26,101.565,105.9345,58.2576,77.0595,66.7454,105.6369,69.072,55.1429,51.2219,71.7798,46.6445,63.119,55.7929,93.3571,54.3516,60.3214,50.9893,106.244,68.6973,67.3036,54.3576,87.0833,50.158,68.6964,57.7926,43300,0.641,0.0038,0.0358,5.69,2830000,0.0143,320,59200,194000,0.0053,3,3,3,2
72,80,35.21320344,33.228232,9.57461473,12.50438609,7.807575153,1.601571019,1.370467406,0.78111521,0.9,0.666666667,0.819460251,2.036622119,0.186329197,0.05637009,180,958,550.0139,225.8162,152,589,307.7778,111.5837,242.2361,2685.22,3655.78,279302.98,312038.38,192.5721,104.7407,63.4829,79.3611,66.1025,111.1111,67.8859,78.4722,55.6589,68.0093,55.0903,70.5463,53.1199,81.3981,57.3732,87.9907,59.2108,107.0926,63.8871,78.25,62.8929,118.1574,59.4472,86.7685,62.9461,43700,0.6,0.0062,0.0247,5.19,6800000,0.0069,350,50300,161000,0.0071,3,3,3,2
89,95,37.45584412,36.69853152,10.64510777,13.21348071,8.992605762,1.469371732,1.254409422,0.73268959,0.936842105,0.635714286,0.830428982,2.597327601,0.177525537,0.02021881,187,1152,560.618,317.7549,179,532,256.8824,59.9409,303.7356,4808.39,3456.52,378436.95,336275.08,366.516,107.35,62.1826,64.2286,62.5697,97.0571,67.9084,46.6071,52.5033,60.4857,55.2907,52.5786,50.719,90.0214,58.5779,76.0071,62.0376,98.3786,69.9445,82.6786,54.0004,118.3214,63.1289,101.0071,59.1461,83900,0.574,0.0046,0.0345,5.48,5910000,0.0072,309,95700,300000,0.0076,4,3,4,2
125,129,43.21320344,42.13407736,12.61566261,13.70745895,12.05850322,1.136746303,1.188811636,0.475522123,0.968992248,0.744047619,0.884815864,1.997863708,0.165317632,0.024972138,166,1148,674.256,368.8237,182,728,306.9767,165.7766,367.2793,5177.42,3788.71,583373.76,581749.2,191.5085,44.2321,57.8257,37.0238,57.7777,108.4643,71.5508,54.4345,50.7287,73.2679,49.9328,56.3988,49.3548,78.9762,60.4359,43.9643,43.6079,106.8214,70.032,85.5179,57.9389,76.4464,52.6014,79.9167,61.4848,81000,0.724,0.0038,0.0451,5.69,10200000,0.0206,459,137000,471000,0.0059,3,3,4,2
62,64,29.55634919,29.11059749,8.884866447,9.386221721,8.585340314,1.09328476,1.121243721,0.404190601,0.96875,0.765432099,0.919389024,0.325898643,0.160425968,0.015081419,129,1960,818.5645,561.7542,142,618,303.7368,135.4555,514.8277,6554.18,3532.39,905048.31,907478.01,360.9714,104.9753,69.7501,71.4444,61.3215,107.284,65.4771,60.8519,64.555,78.037,59.6621,61.6296,63.8857,114.2099,63.7667,95.5185,71.069,108.7531,67.4642,102.5802,54.6383,121.037,57.7829,108.6296,59.6698,341000,0.485,0.0085,0.0157,4.86,28700000,0.0025,665,315000,931000,0.0095,2,1,1,1
199,207,54.76955262,53.36552904,15.917747,18.69851242,13.75927859,1.358974767,1.199541966,0.677145842,0.961352657,0.663333333,0.878094591,3.264350755,0.168431359,0.025635111,162,1379,774.608,351.235,165,648,336.7525,118.8806,437.8556,4455.9,6604.79,637594.31,756438.56,118.0911,78.0267,55.3492,60.3767,55.3997,100.4567,74.1964,57.2567,57.7999,63.7,55.8151,68.5433,52.3791,83.77,48.8664,65.4433,56.2949,102.9467,73.1498,55.52,53.1902,58.1533,45.1211,68.5333,54.5513,65700,0.758,0.002,0.0239,6.33,8400000,0.0077,511,133000,466000,0.0028,5,2,4,4
73,74,31.55634919,31.3782036,9.64087583,10.64808309,8.817489413,1.207609399,1.08552738,0.560606512,0.986486486,0.811111111,0.93170102,0.545570423,0.161355416,0.005645317,129,957,490.1507,269.2566,120,514,251.5294,120.2477,238.6213,1979.38,2052.68,290825.36,296543.23,117.7198,65.6667,51.3363,46.6556,56.3038,115.4444,66.0286,55.0444,67.6265,70.4667,63.7397,62.9556,66.0782,76.8667,51.4959,61.7778,58.87,110.5667,64.2717,96.5444,60.5377,99.8556,51.5559,95.7111,70.2361,64100,0.585,0.0075,0.0237,4.98,3530000,0.0063,368,71300,226000,0.0085,2,3,3,2
201,219,57.69848481,54.92964237,15.9975357,18.77828363,14.48212164,1.296652804,1.318022717,0.636572976,0.917808219,0.661184211,0.837128983,2.56391404,0.174032686,0.047988131,177,1172,823.0249,300.3093,153,1023,305.7573,181.8104,517.2676,5897.47,4059.4,694397,696877.63,115.3035,33.2401,45.5418,27.1579,46.8062,116.2763,80.9312,37.3651,40.2154,48.0789,41.0686,39.6875,42.1176,27.9309,33.971,29.3783,38.5949,116.8289,78.3265,70.6316,56.1446,89.5822,54.731,61.5855,56.3118,45100,0.836,0.002,0.0448,6.34,868000,0.0195,530,128000,469000,0.0035,4,4,3,2
449,482,87.254834,80.6979822,23.90992588,27.52813165,21.20947206,1.297916873,1.349344329,0.637481857,0.93153527,0.723027375,0.866424758,2.049471202,0.167730104,0.075146001,220,1095,906.0423,223.6883,181,994,342.4477,159.7148,563.5946,14917.02,21487.94,860777.18,754706.22,100.524,42.5556,45.3349,28.2367,40.2971,152.4058,86.2421,58.9823,48.8467,57.2963,36.7382,58.0435,43.4478,43.2528,42.4297,41.7343,41.2627,152.0016,85.9171,72.7037,58.4852,67.8712,42.5392,66.9533,56.3117,41100,0.791,0.001,0.0887,7.02,1790000,0.0494,605,99100,356000,0.0032,4,3,5,2
709,853,135.2964646,106.7185802,30.04541291,35.24882486,27.25919579,1.293098488,2.054550389,0.633996031,0.831184056,0.672675522,0.782304849,2.338653198,0.174795199,0.211224177,83,1115,757.8082,292.2702,90,1113,387.2406,289.1021,370.5676,7803.91,44954.38,597880.35,632328.32,150.6161,52.3188,42.4221,41.6015,47.7622,120.7476,91.2293,25.575,29.9883,36.1025,30.8176,29.2552,33.8479,34.4374,32.8466,22.2552,29.4186,120.8472,88.9913,44.3539,46.8621,62.1433,44.014,38.2979,44.3726,29900,0.872,0.0006,0.0455,7.65,3450000,0.0165,570,113000,422000,0.0013,5,5,3,4
278,294,66.04163056,62.94144165,18.81384048,21.85127934,16.47209039,1.326563832,1.24847806,0.657072627,0.945578231,0.772222222,0.881822728,1.226239043,0.16774764,0.046942949,177,1042,715.1223,288.8719,144,922,317.7561,172.8408,397.3662,6398.4,3220.01,654221.27,687785,28.5149,38.7639,32.6801,34.5667,43.7501,129.4861,76.8217,32.7361,45.9552,44.7,44.3415,32.3944,47.3448,45.1028,47.8769,36.5778,47.1359,130.7583,78.2492,48.5583,45.4445,88.6278,49.3275,67.85,59.0906,37200,0.805,0.0017,0.0486,6.51,-2400000,0.0205,521,93200,337000,0.0042,3,4,5,3
130,133,43.21320344,42.57863879,12.86550197,14.02977762,12.1938604,1.150560786,1.143088112,0.494563693,0.977443609,0.773809524,0.901093112,2.063760073,0.164835685,0.014684508,143,928,488.7,246.6087,145,394,200.4737,55.4772,288.2263,1304.58,2098.25,304853.61,326236.22,38.4694,94.9464,57.4179,61.6429,49.729,107.9345,67.3894,77.1012,61.9426,65.4881,53.8929,86.8393,53.9461,49.4881,41.2017,39.8571,50.3247,112.7857,68.4801,86.6012,67.7907,114.9583,57.8704,87.3155,63.7723,44600,0.662,0.0038,0.0306,5.69,282000,0.0081,321,64100,212000,0.0058,2,3,3,3
111,118,40.627417,39.55854349,11.88821221,12.55219295,11.63703654,1.078641706,1.183329198,0.374834083,0.940677966,0.711538462,0.891358186,0.713165736,0.163463683,0.026309167,162,758,395.009,179.1282,138,408,229.4,59.9096,165.609,1059.25,1648.57,176860.2,189371.03,37.0139,81.4103,58.2004,85.3269,69.8874,107.2949,67.4489,85.3269,61.8259,67.3782,52.6404,85.5128,56.7953,106.5192,59.2279,56.3333,49.7694,109.5705,67.4516,108.391,64.1972,85.7821,55.1876,89.6154,56.5217,23800,0.627,0.0041,0.0425,5.61,500000,0.0183,235,31100,101000,0.0054,2,3,3,3
483,580,102.8111832,92.27395384,24.79868343,32.98233813,20.57828325,1.602774037,1.741500965,0.781489601,0.832758621,0.511111111,0.712850953,4.59974509,0.195216577,0.102491081,172,1058,619.9855,262.0113,136,674,242.6623,92.3503,377.3232,3170.92,2863.13,388679.22,380663.29,44.7593,38.9968,40.7491,29.364,39.9184,79.9503,80.3117,31.5884,43.5394,28.3735,38.4278,33.0032,42.5378,37.018,35.4356,25.7386,34.5873,80.4487,78.3727,48.8021,47.2783,55.9894,52.1544,53.0201,55.0455,22600,0.855,0.0006,0.0603,7.51,-208000,0.0254,317,77200,286000,0.0019,5,5,4,4
213,216,54.87005769,54.45836889,16.46815178,18.96052388,14.51506683,1.306265008,1.124815691,0.643386585,0.986111111,0.788888889,0.902527011,1.386972557,0.166526398,0.007502977,124,1142,659.9812,326.384,149,682,291.6667,146.8831,368.3146,2736.42,4064.64,586320.05,600108.44,39.1413,31.0259,38.6189,23.0519,42.0387,117.8667,74.1912,34.263,57.2642,45.8333,53.0592,36.7222,56.9409,93.6,56.3599,49.9444,49.158,115.0704,74.3288,64.6222,56.7177,100.1519,50.5496,82.4407,71.8778,47900,0.787,0.0022,0.0375,6.21,4440000,0.0139,502,109000,389000,0.0035,4,4,3,1
765,826,116.2253967,105.1845789,31.20942569,32.27930514,31.25593346,1.032741677,1.405176168,0.249804267,0.926150121,0.642857143,0.868894712,1.546336661,0.164723877,0.094994882,83,1209,823.3516,337.2327,64,650,202.9741,90.059,620.3775,9283.81,83259.74,687553.1,629823.61,106.3076,65.4218,49.4241,51.2672,48.4128,119.7647,96.2251,28.6311,31.734,37.7992,34.0316,33.0319,32.6939,41.4748,46.4478,24.4672,33.6032,120.6983,97.2466,46.4034,43.253,82.3958,53.3616,38.4992,38.2887,40700,0.875,0.0005,0.0546,7.76,-646000,0.0237,569,163000,613000,0.0011,5,5,5,3
56,57,28.14213562,27.91925977,8.444016491,10.04778034,7.208951447,1.393792206,1.125424104,0.69659243,0.98245614,0.8,0.902796968,1.396919217,0.167701121,0.007919649,147,1061,515.5893,324.9955,149,569,253.3571,137.6426,262.2321,6279.52,2210.51,297033.28,309721.38,477.0647,103.6,67.1398,105.0571,61.8057,111.7143,66.7537,50.7857,64.8659,75.7571,59.1389,55.8429,65.1379,85.1571,53.747,82.1714,73.9924,105.7286,64.4185,99.2714,65.1012,77.4857,44.8682,79.0714,63.9224,103000,0.557,0.0101,0.0252,4.68,2480000,0.0073,356,101000,315000,0.0101,3,3,3,2
140,143,44.28427125,43.52846354,13.35116236,13.64689335,13.2380246,1.030885934,1.114707966,0.242947548,0.979020979,0.714285714,0.928519917,0.42988895,0.16018586,0.017067182,144,3044,1177.39,994.512,116,667,216.9107,101.1487,960.4821,12855.47,15306.08,2472545.22,2400648.2,534.3778,84.8316,59.0482,64.0816,54.338,82.4694,70.0008,52.4796,51.8432,79.1071,55.4102,58.4031,54.6808,82.7347,60.8088,47.0051,54.0222,86.5816,71.0944,79.6224,55.0517,100.0765,59.7794,88.3061,62.1562,689000,0.654,0.0032,0.0262,5.87,-115000000,0.0091,922,971000,3200000,0.0044,3,1,1,1
121,121,41.11269837,40.93455279,12.41217084,12.75616763,12.36625986,1.031529967,1.111620967,0.245353085,1,0.664835165,0.907434181,0.70568277,0.161661947,0.004333104,123,1081,624.2975,367.7221,113,545,182.9016,76.845,441.3959,3466.8,3699.58,479123.24,468632.5,258.9699,76.6154,58.1483,58.5385,47.4248,97.9945,72.0912,45.8736,59.7142,54.522,56.4273,50.1978,57.9775,77.8681,64.8425,47.2912,47.0338,99.033,72.5773,101.7143,63.8019,98.0275,60.5261,96.1209,58.2838,98800,0.655,0.0034,0.0452,5.78,5410000,0.0214,419,141000,465000,0.0052,3,3,3,2
74,77,32.97056275,32.24937332,9.70668462,10.76143732,8.990896483,1.196925951,1.168990915,0.549530627,0.961038961,0.74,0.894126619,0.652559355,0.163832843,0.021873737,261,957,594.5541,211.5367,237,545,376.6538,97.0146,217.9002,3761.21,5514.47,340006.42,382493.35,290.6093,79.23,62.6871,74.62,65.371,110.46,62.7931,68.93,66.3438,68.31,63.1901,71.84,67.146,105.19,62.4258,83.19,68.3545,107.38,61.8081,102.84,56.7676,105.38,69.6941,138.72,57.3376,43800,0.533,0.0067,0.0288,5.11,2930000,0.0099,339,45100,138000,0.0085,2,3,3,2
186,193,52.87005769,50.86267713,15.3890401,17.47301487,13.8386815,1.262621361,1.195905216,0.6105171,0.96373057,0.729411765,0.903492138,1.512832419,0.166044586,0.037968193,266,1026,626.5968,238.4304,239,613,339.3478,79.479,287.2489,5022.67,3926.69,496921.13,405094.57,113.7761,61.3216,52.8544,71.6196,53.795,114.0353,72.0773,59.2784,48.1114,57.902,45.3022,70.0471,49.1625,59.9843,43.0828,57.2157,51.8079,110.3412,69.3115,73.0902,53.1219,67.898,49.4877,87.2902,63.7618,28500,0.772,0.0024,0.0402,6.15,1900000,0.016,342,60700,215000,0.0041,4,5,3,3
54,56,27.55634919,27.02191243,8.291859587,9.065877501,7.724987664,1.17357825,1.11902486,0.523387372,0.964285714,0.75,0.929333215,0.398981562,0.161109841,0.019394324,295,2026,859.3519,465.6472,263,1128,552.8889,302.5517,306.463,17241.96,14868.81,716332.18,729926.83,1383.82,93.8194,62.6523,80.7222,58.068,106.6667,64.1969,72.9306,64.605,54.7083,64.1309,64.3194,55.7294,93.3194,69.4732,74.7222,59.8983,106.7083,62.6873,94.0417,61.7702,88.3611,71.8246,95.6806,60.7518,183000,0.61,0.0098,0.0208,4.72,61500000,0.0111,555,199000,641000,0.0109,2,1,1,1
95,101,40.38477631,38.94833736,10.99807968,14.90007899,8.549061098,1.74289069,1.366161034,0.819023868,0.940594059,0.659722222,0.786965372,1.281956699,0.192389561,0.035568823,308,1578,787.9684,318.8078,412,1674,969.2245,357.8399,181.2561,27376.91,16094.83,744833.66,888051.99,933.0478,100.0694,59.0788,68.6042,66.3392,117.7778,68.7931,67.5417,64.2549,77.7361,63.9204,57.75,63.3644,59.5347,45.7518,59.5069,59.0188,121.1597,66.6536,112.1111,57.0214,93.7986,60.2357,99.6806,63.769,72500,0.709,0.0045,0.0287,5.52,4560000,0.0086,562,105000,360000,0.0066,1,1,1,1
450,515,95.74011537,85.2167176,23.93653682,26.11769605,23.88434515,1.093506893,1.620934684,0.404610814,0.873786408,0.698757764,0.778704661,5.075754725,0.173601295,0.109916285,140,1284,827.1244,286.2504,83,843,241.9845,141.2227,585.1399,7186.27,4075.52,726737.77,712857.91,184.9138,61.6102,41.432,51.9022,50.209,127.7966,86.817,49.7127,49.4048,63.4022,48.1599,47.7935,50.0205,49.4099,49.1278,26.5792,36.3269,130.236,85.9334,53.087,48.7204,65.8882,49.5666,58.2686,54.17,46700,0.824,0.0009,0.0417,7.14,2050000,0.0158,602,133000,485000,0.0019,4,5,3,3
82,85,34.14213562,33.38482302,10.21790794,11.01080475,9.609443146,1.145831718,1.131247546,0.488205858,0.964705882,0.82,0.92453969,0.388928709,0.160756518,0.022181173,182,1043,726.2561,295.4194,173,975,459.1111,300.4185,267.145,11065.7,6940.81,594738.82,589015.59,508.2615,67.66,47.1379,85.18,59.6245,117.79,63.542,106.92,71.09,71.82,59.2714,85.94,69.9636,79.3,64.3646,44.76,55.8895,120.75,60.6732,88.65,58.1856,59.63,58.979,112.5,65.9522,72400,0.635,0.0067,0.0422,5.1,23200000,0.0195,549,87800,287000,0.0096,2,3,4,2
199,208,54.87005769,53.51814858,15.917747,18.29180448,14.34061656,1.275524271,1.203948453,0.620771743,0.956730769,0.748120301,0.873093547,2.883534237,0.168836912,0.024638376,68,3036,1341.98,923.1855,85,1979,544.5821,442.8814,797.3978,16923.19,21166.96,2819834.4,3075514.78,356.8507,53.6466,59.2526,57.6353,60.411,95.4211,71.8689,59.3947,55.687,56.5902,55.2095,64.7669,65.1151,82.8083,57.6492,43.8383,50.0062,93.2368,71.9462,53.9399,56.6695,75.2331,46.9467,61.0977,64.2058,439000,0.739,0.0023,0.017,6.2,-101000000,0.0066,1190,821000,2850000,0.0027,3,1,1,1
226,231,57.11269837,55.90666377,16.96325845,18.75951855,15.60760438,1.201947339,1.148542462,0.554800816,0.978354978,0.743421053,0.908638533,2.482403765,0.163951931,0.02111675,115,1202,770.4027,369.8306,102,888,293.141,213.0577,477.2616,4690.46,6646.79,746692.74,691157.3,85.4977,44.9901,49.8133,38.0197,50.3628,120.0493,79.3352,48.0066,59.803,54.2105,48.4121,55.1053,54.9332,44.3289,36.5502,33.7566,41.9528,120.1184,78.9276,62.7237,59.5859,75.9737,52.8048,69.023,65.7991,62400,0.802,0.002,0.0386,6.34,3570000,0.014,595,152000,548000,0.0029,4,3,3,2
109,114,41.55634919,39.71867356,11.78062436,12.43593167,11.53666549,1.077948535,1.26077739,0.373356182,0.956140351,0.825757576,0.868254193,0.728212499,0.163463521,0.044221296,186,1073,688.8991,269.1882,215,778,399.7826,174.5183,289.1165,2728.47,6395.24,564675.55,530656.9,229.9948,58.8939,54.8075,41.0909,46.2825,121.7197,62.8815,97.6288,68.7163,68.6667,60.1796,99.7424,67.1112,61.3409,57.4262,61.5909,62.2773,122.7273,64.0976,90.3636,63.1691,90.6818,57.2972,87.7955,61.8399,53400,0.669,0.0049,0.0283,5.42,9790000,0.0083,497,73500,245000,0.0061,3,3,4,2
97,104,39.21320344,37.26849674,11.11324596,11.77360739,10.85705288,1.084420194,1.261487776,0.386828276,0.932692308,0.673611111,0.877602491,0.595528548,0.163548171,0.049593161,110,733,414.5773,170.0214,76,551,193.7021,93.4612,220.8752,2508.3,2914.38,204021.66,197720.62,218.1755,109.5,52.447,101.0417,69.6019,106.5556,67.4787,103.0625,59.5083,77.7083,59.0434,105.0208,59.6361,88.4722,58.2756,79.3889,60.5528,108.3056,68.6739,102.2083,65.9006,96.8611,55.945,106.4514,72.2026,29800,0.557,0.0045,0.0339,5.52,1650000,0.0132,298,33100,103000,0.0062,4,4,3,2
96,96,35.79898987,35.79898987,11.05581278,11.81148892,10.45505495,1.129739536,1.062332451,0.465287183,1,0.79338843,0.941324911,0.418349651,0.160255715,7.77E-16,82,2649,1060.88,703.652,93,844,436.36,204.179,624.515,8604.09,6370.66,1711622.82,1568169.02,453.4517,110.3223,60.1572,59.3223,61.539,99.2479,66.8962,45.2397,62.6449,66.0661,51.5507,59.5537,58.9562,87.4876,53.6201,36.7603,50.6141,102.0165,67.7294,74.4463,61.2834,100.7107,58.5456,94.3884,69.223,411000,0.601,0.0054,0.0109,5.33,26100000,0.0021,962,492000,1570000,0.0062,3,1,1,1
119,130,45.79898987,43.15388891,12.30916349,16.5115176,9.689735981,1.704021413,1.402668272,0.809697782,0.915384615,0.661111111,0.803002592,1.732391973,0.191100068,0.05775457,143,1134,592.521,321.0752,143,540,266.2787,90.9614,326.2423,2984.13,2355.06,411343.85,403595.01,102.7955,61.5944,55.1992,56.4222,65.7517,97.25,69.4788,74.7778,54.8611,77.9111,58.3769,80.7722,59.4266,63.0611,47.4259,76.0222,70.0267,99.5167,70.4028,102.0389,54.7623,107.6111,55.8512,87.7556,46.4637,64200,0.689,0.0035,0.0428,5.76,3340000,0.0161,377,98800,333000,0.0058,2,3,4,2
179,191,53.11269837,50.07737609,15.09668435,16.44549048,14.17420169,1.160241038,1.254104821,0.507095502,0.937172775,0.69921875,0.896973815,0.735592458,0.163650658,0.057148712,126,1087,733.095,279.5065,93,997,344.3636,238.1853,388.7313,5011.62,7451.52,623197.61,609707.85,312.0012,46.8242,40.6348,42.0977,42.0917,123.4492,76.4736,60.0781,51.4728,50.8008,49.5617,71.5117,60.9047,80.6875,46.5127,70.8867,55.4709,121.1367,76.5962,56.1836,50.5403,66.2305,47.5759,52.5664,51.8325,56300,0.727,0.0024,0.0308,6.16,6850000,0.0125,559,98900,342000,0.0036,4,3,4,3
79,81,34.38477631,33.55367339,10.02925341,12.23552204,8.387153417,1.458840853,1.190955273,0.728095476,0.975308642,0.731481481,0.881773027,1.836192713,0.171982338,0.024170665,192,1056,549.5823,267.5714,195,684,276.7931,123.7686,272.7892,3259.47,3522.42,322635.62,310043.09,130.1726,59.6296,49.1189,56.0093,55.7944,111.0185,66.7593,52.4907,57.9424,51.6667,57.3285,57.787,58.4848,68.3056,55.0314,72.8148,57.6675,105.2222,66.855,93.2037,53.8171,121.4722,63.0639,82.287,56.7872,46500,0.71,0.0061,0.0344,5.2,2160000,0.0198,313,69800,239000,0.0063,2,3,2,2
103,105,37.79898987,37.29511807,11.45179781,12.40848222,10.70761714,1.158846274,1.103858229,0.505328214,0.980952381,0.78030303,0.93055729,0.814935332,0.161381571,0.013330298,200,943,527.1748,254.2793,198,431,272.7586,70.1339,254.4161,2412.36,2741.89,340849.29,349173.75,129.0057,93.0303,58.0268,76.9091,65.3509,108.553,66.0768,63.9394,57.0861,74.6818,61.89,77.5909,58.9999,79.1667,54.3575,60.2121,56.6451,108.0606,65.0551,65.4015,56.1543,86.8182,51.5635,82.4773,57.686,53300,0.604,0.0049,0.0382,5.42,-279000,0.0151,313,65000,208000,0.0071,3,3,3,2
367,475,106.3259018,85.33748068,21.6166351,26.2550108,22.05404346,1.19048513,2.451332491,0.542596164,0.772631579,0.538123167,0.633280759,3.895534831,0.199768351,0.197397067,158,1038,640.9918,263.4684,117,895,252.8444,111.7872,388.1474,3786.73,6680.08,389532.78,422591.08,98.0918,45.5191,48.558,45.173,56.9976,91.0601,79.9544,53.2698,48.5211,65.1114,53.7369,60.7977,57.0491,47.1686,49.4059,38.6598,43.3433,89.9282,80.0312,54.9413,58.919,64.8226,55.413,53.5381,55.2357,28900,0.829,0.0008,0.0493,7.19,693000,0.0198,365,83300,304000,0.0018,4,5,5,3
182,200,58.28427125,56.02664236,15.22266722,22.83274387,10.79943185,2.114254173,1.485324995,0.881073148,0.91,0.636363636,0.728604853,3.744875983,0.218164579,0.038734788,129,1133,614.2308,247.6895,107,1021,293.1827,158.615,321.0481,1965.98,5465.58,368867.76,405184.28,132.18,59.3601,53.3071,56.4545,61.5788,115.535,78.4008,53.2902,51.7785,50.2413,52.1947,57.0804,51.8971,70.6888,51.0273,53.2413,59.5741,114.7343,76.1308,69.542,64.9241,57.6399,51.8875,61.7552,53.0673,37300,0.74,0.0021,0.0362,6.27,-242000,0.0123,417,71200,248000,0.0031,3,4,3,4
108,112,40.04163056,39.01261722,11.72646029,13.52962493,10.41906575,1.298544922,1.181380748,0.637931965,0.964285714,0.701298701,0.891709609,1.662042824,0.167211236,0.025698587,32,1055,469.9537,324.3013,35,784,194.1957,202.6305,275.7581,3028.72,2178.58,316583.26,283272.93,171.0727,68.6623,56.2058,53.6299,56.3189,99.1429,71.9751,40.5649,54.5627,42.7532,54.6447,40.039,51.2598,99,70.0352,56.0974,58.5706,92.9091,70.8333,76.6623,66.6802,86.1429,60.6787,61.5584,61.487,65400,0.709,0.0041,0.0326,5.6,9420000,0.0108,392,104000,356000,0.0051,2,2,3,3
113,117,42.04163056,41.20873353,11.99483508,14.48082869,10.53267957,1.374847549,1.2447175,0.686263122,0.965811966,0.684848485,0.836199248,2.941508823,0.175865637,0.019811245,96,984,542.1593,256.3358,48,618,208.0577,126.1912,334.1016,3331.66,2272.65,329674.53,350697.36,78.2735,79.8242,60.937,73.5697,62.2382,110.103,71.8916,58.3333,59.3341,48.9273,60.194,77.2788,56.6424,60.8424,49.1423,38.7939,51.0017,108.0788,69.301,76.1212,59.6147,66.2303,56.7033,86.2242,66.4379,49600,0.683,0.0038,0.0274,5.67,207000,0.011,427,75500,254000,0.0054,2,2,2,3
1041,1358,185.2375901,142.1145803,36.4066253,44.99348133,34.38763964,1.308420171,2.622996136,0.644883977,0.766568483,0.452019106,0.647714053,6.766242759,0.19237851,0.232798374,59,1388,873.2699,291.2867,1,1326,259.5518,226.8366,613.7181,5444.93,9429.26,608108.78,582280.35,122.9313,31.1594,41.6484,22.0152,33.4196,87.66,94.5859,19.8697,30.4713,31.4173,35.4055,21.2397,32.042,22.9153,31.5659,18.0413,29.6911,87.9839,95.4751,22.1911,28.777,27.6044,29.5658,29.3456,36.1353,41300,0.873,0.0003,0.0504,8.44,404000,0.0196,551,162000,606000,0.0008,5,5,3,3
197,202,53.21320344,51.80472323,15.83755632,16.22054873,15.75715147,1.029408695,1.143833254,0.237320253,0.975247525,0.820833333,0.922438402,0.721131996,0.161398273,0.026468623,94,1183,683.0051,401.2198,125,718,285.8372,165.6223,397.1679,6072.62,9654,677553.82,632952.99,433.8362,43.925,41.1742,29.525,40.4855,112.5625,72.4016,46.5417,53.5362,48.9083,45.8094,45.5375,50.971,59,53.4972,44.5667,50.4057,111.7958,75.6718,77.3958,58.6874,116.0958,66.0595,59.6833,60.1633,86100,0.736,0.0026,0.036,6.09,7800000,0.0128,570,159000,551000,0.0037,4,5,3,2
112,117,42.87005769,41.53606744,11.94164264,15.44231445,9.530566248,1.620293491,1.305810779,0.786828158,0.957264957,0.615384615,0.815787666,1.147789544,0.182271262,0.031117062,89,1044,684.5268,302.9234,64,683,229.7,139.511,454.8268,3441.23,7437.11,425248.56,506510.75,241.7593,87.1868,60.1495,53.7033,54.3248,105.8407,72.4778,58.4725,55.5208,67.3407,54.6762,74.011,59.4251,73.2088,55.9362,97.1923,67.8467,111.5604,71.51,80.2967,56.017,65.9945,51.9319,77.6538,55.5896,86900,0.622,0.0035,0.0366,5.77,-3740000,0.0132,500,113000,367000,0.006,1,2,3,2
234,257,65.35533906,59.49658776,17.26088218,19.13416246,16.15551862,1.184373149,1.452567834,0.535825895,0.910505837,0.655462185,0.830695014,3.06720612,0.166786936,0.08964457,160,1143,691.3248,300.4837,175,1144,394.6829,221.167,296.6419,4280.72,7474.14,578080.79,585781.47,217.1949,63.9048,46.0335,35.3922,49.1979,109.0868,77.5573,51.0588,49.1436,43.4174,41.2618,61.1793,51.7942,68.6835,51.761,40.6863,47.9217,107.1261,76.9898,57.381,52.5196,57.3389,42.9665,53.0308,55.1367,38900,0.803,0.0017,0.0374,6.51,3400000,0.0119,455,94600,341000,0.003,3,4,4,2
377,412,80.91168825,75.75030694,21.90916038,24.43489502,20.69233335,1.180867068,1.381883119,0.531855109,0.915048544,0.58,0.825624212,1.560101494,0.169524219,0.063790305,178,1180,811.2414,333.5112,126,831,276.4249,131.5049,534.8165,2962.59,48097.52,590709.34,508295.41,194.9852,37.4138,41.1602,24.1431,37.838,105.2169,90.5717,26.5523,38.1157,29.9877,37.5936,27.5092,36.2516,65.62,53.6598,51.22,50.8553,105.6708,90.1284,60.5062,53.3289,72.8215,52.8028,60.6031,56.9236,44600,0.844,0.0009,0.0505,7.14,870000,0.02,497,143000,526000,0.002,5,4,5,2
251,265,64.04163056,62.27412011,17.87688803,23.15098261,14.41316596,1.606238537,1.300292856,0.782562098,0.947169811,0.760606061,0.813332985,3.988330889,0.184522082,0.027599398,187,979,608.2271,221.1116,154,812,324.1266,114.2905,284.1005,6331.81,3471.48,450261.73,430956.44,205.9472,49.4455,40.9615,33.597,42.7958,122.503,72.0929,30.9273,42.471,42.9,41.3263,33.1636,42.7865,51.0545,48.3251,35.9667,50.7601,125.0515,75.4589,50.7485,47.6494,64.9485,43.9448,56.6394,58.0341,26700,0.765,0.0018,0.0426,6.43,-1630000,0.0176,408,54100,191000,0.003,5,4,5,3
145,160,52.04163056,48.94702172,13.58748446,18.59257566,10.99136253,1.691562408,1.486359709,0.806547391,0.90625,0.604166667,0.760545714,2.087625945,0.19992554,0.059464102,186,1136,745.069,285.9976,165,1006,377.7368,167.9544,367.3321,7632.17,7463.28,611194.21,541077.42,634.8291,66.6917,51.9819,53.9625,57.8204,104.2333,72.1794,89.8833,54.7384,89.2667,47.0562,96.175,54.3095,68.7417,63.2406,48.1625,52.1498,105.3167,71.4663,89.8292,61.8933,93.3583,60.5455,96.2292,66.0829,75700,0.597,0.0026,0.0306,6.08,-227000,0.0106,469,93400,298000,0.0048,4,3,3,3
235,270,68.18376618,61.33506443,17.29772508,20.51848927,16.13084887,1.272003069,1.574288221,0.618020954,0.87037037,0.691176471,0.78498268,2.665221905,0.180464367,0.100444756,59,1156,581.8638,302.5951,47,740,230.7143,170.251,351.1495,2463.56,3996.13,399340.32,428065.04,168.1375,49.3412,40.9283,38.6206,45.1846,97.9088,72.3909,62.8559,49.2889,63.0735,48.9545,76.0794,57.2292,55.1735,47.6668,39.4235,52.1045,97.7735,72.9067,53.5559,50.533,63.7059,55.1471,55.6882,53.8502,41700,0.802,0.0018,0.0364,6.46,2970000,0.0124,452,101000,363000,0.0029,5,4,4,4
286,334,95.59797975,70.34052928,19.08262324,24.00971748,16.60031238,1.446341306,2.542854623,0.722472423,0.856287425,0.588477366,0.726381264,2.903694564,0.185614125,0.264204856,192,1095,731.8427,285.8608,170,615,278.315,86.111,453.5277,3339.32,2610.2,574102.28,527280.97,47.7538,73.1049,45.4966,51.9959,51.826,98.179,81.486,85.9198,57.8361,72.6584,48.5862,63.6214,47.3415,54.286,54.2139,42.2922,51.1948,100.1914,82.5428,64.6626,50.2477,100.2634,53.6102,64.4074,51.2042,35600,0.83,0.0012,0.0531,6.83,275000,0.0241,406,103000,377000,0.0025,5,5,3,4
631,641,94.66904756,92.19891011,28.34456125,28.56410804,28.49757746,1.002334605,1.130255925,0.068212235,0.984399376,0.777093596,0.932798091,1.097651255,0.16098985,0.026092345,251,1098,951.6482,160.456,220,1036,732.5525,292.5621,219.0957,14643.99,30584.76,1149900.87,880089.19,200.5988,28.3621,27.1989,20.9273,28.5818,171.5542,85.2835,32.5222,42.3427,36.1773,42.3952,30.1416,40.8032,26.4507,32.6131,23.4877,34.8956,171.8017,84.9393,39.7919,40.21,43.5714,37.3129,60.266,61.3292,16600,0.807,0.0008,0.0762,7.32,-4470000,0.0316,702,40400,146000,0.0024,4,5,5,2
112,116,41.55634919,40.86860698,11.94164264,15.8864265,9.16159394,1.734024298,1.227006567,0.816960811,0.965517241,0.82962963,0.842651924,3.104384353,0.186186765,0.01654963,218,1263,851.4375,257.9947,207,1245,602.5217,355.6477,248.9158,9773.48,28443.2,674572.53,780734.24,769.5512,61.1556,60.4789,47.5778,57.5472,134.2074,63.0636,73.837,69.0031,69.7185,54.1292,79.0222,71.0934,62.8,52.7999,63.563,63.5304,130.1704,61.3524,62.3778,52.8714,57.4519,54.745,91.963,64.0786,38100,0.817,0.0048,0.0312,5.44,-9790000,0.0118,616,72800,264000,0.0064,2,3,3,2
1056,1069,120.8111832,117.9177858,36.66798275,39.17087673,34.42774583,1.137770591,1.099867814,0.476984324,0.987839102,0.792792793,0.954366423,1.092642243,0.16080496,0.023949748,134,1095,849.054,313.5144,108,327,175.2899,33.2092,673.7641,10178.29,59046.85,689831.23,828344.33,50.3038,41.4857,33.6927,23.2095,30.4044,157.8514,95.6044,34.0601,31.6445,60.0638,38.1744,32.9917,32.0735,25.5938,25.7379,15.8191,24.7446,157.53,95.4554,47.7455,38.5792,69.1997,41.4502,48.4737,40.3352,35800,0.875,0.0005,0.102,7.7,1050000,0.0523,635,145000,545000,0.002,3,4,3,2
223,241,65.11269837,57.75754563,16.85029431,17.96064111,16.70161275,1.07538364,1.512922425,0.367810667,0.925311203,0.652046784,0.84003478,2.258363248,0.167842441,0.112960343,1,1408,503.8249,356.6022,1,615,167.8713,120.3824,335.9536,4409.02,4410.64,2192.4,3018.82,1647.98,83.4766,54.3208,78.2515,68.0452,82.2251,68.8823,71.2105,50.0504,67.0117,51.2577,66.9474,50.2504,70.3187,54.4213,76.4561,66.0323,81.5409,69.7747,117.5789,68.436,62.5936,54.3384,114.9503,60.6711,90800,0.641,0.0019,0.0353,6.42,-7830000,0.0099,400,125000,410000,0.012,3,4,4,3
143,147,45.45584412,44.45589083,13.4934523,15.56292473,11.86005794,1.312213213,1.149829781,0.647493141,0.972789116,0.733333333,0.909258285,1.566550382,0.166170863,0.021998344,20,1376,802.0714,445.3904,23,1441,354.0638,345.8712,448.0076,21166.39,42668.46,635512.16,657580.08,5512.75,79.8256,56.262,69.5795,54.9421,120.6564,76.7327,43.1333,57.7164,54.7231,49.8501,36.5179,58.203,68.6769,58.5158,38.9897,46.1654,118.6667,75.0257,101.1231,63.0366,74.2667,61.6293,61.8615,58.6644,193000,0.574,0.0032,0.0215,5.86,9080000,0.0049,715,221000,695000,0.0051,4,4,4,2
85,87,34.72792206,33.96399004,10.4031419,11.07065954,9.919581554,1.116040982,1.129090638,0.444004726,0.977011494,0.85,0.925958196,0.450177514,0.16050804,0.021997631,17,1395,605.0723,440.7502,14,757,236.0667,171.7912,369.0056,17921.42,21168.93,460347.3,467153.57,4798.64,101.48,67.5579,107.27,69.1008,110.34,69.775,91.86,58.3869,99.57,64.1397,75.08,47.8218,80.52,57.6726,47.76,54.1657,109.88,70.994,91.31,54.496,102.34,64.3703,70.72,54.7431,183000,0.566,0.0067,0.0232,5.11,4130000,0.0091,585,194000,607000,0.0075,3,2,3,2
96,100,37.55634919,36.39139573,11.05581278,12.17347388,10.24013443,1.188800201,1.169191474,0.540748616,0.96,0.8,0.910927204,1.145054146,0.163012469,0.031018815,24,1429,771.6989,448.4024,14,616,221.3333,163.7184,550.3656,39995.67,78292.28,624352.71,324278.46,8600.8,97.1667,64.746,116.225,65.3899,110.4417,67.4251,61.3917,47.4949,67.0083,60.5447,62.25,49.5942,114.1417,57.4707,76.825,58.7518,110.1,65.3866,107.7917,60.0919,91.225,64.2642,88.925,54.1134,230000,0.475,0.0054,0.0155,5.32,42700000,0.0035,719,216000,638000,0.0063,4,3,3,2
148,157,47.79898987,46.11631565,13.72732504,15.56581298,12.47210034,1.248050653,1.228473686,0.598330335,0.942675159,0.758974359,0.874505154,1.955144736,0.166883933,0.035203134,213,1101,791.8986,306.1639,189,1057,475.7234,289.4011,316.1752,4824.61,4820.68,2954.22,4283.13,2725.87,59.4103,53.5002,74.7846,71.5171,125.559,73.3558,52.7897,50.3163,58.1231,48.7176,66.4256,56.4885,39.2256,48.5592,39.6154,48.0559,125.4205,71.8043,73.3385,58.1542,81.3795,58.918,70.3846,51.739,55600,0.778,0.0032,0.0468,5.85,11700000,0.0189,558,102000,364000,0.0046,2,4,5,3
65,66,31.3137085,30.95741733,9.097283683,10.48571393,8.382894471,1.250846467,1.200454733,0.600721152,0.984848485,0.8125,0.852302529,1.780102229,0.170727355,0.011378121,230,1074,728.9077,293.3524,233,1028,683,266.3746,45.9077,4307.54,1975.58,4309.21,4308.03,1975.39,66.6625,57.6557,87.15,60.6841,119.8,60.8616,73.15,61.9158,59.925,64.8609,99.85,71.7282,79.225,64.9151,42.1875,48.0061,124.325,64.9112,98.3625,70.3966,78.1,56.4037,96.525,75.0252,71500,0.621,0.0087,0.0338,4.84,17800000,0.0123,520,74700,242000,0.0119,2,3,3,3
162,167,48.28427125,46.82641337,14.36192209,14.83247207,14.05385913,1.055402074,1.145213565,0.319737418,0.97005988,0.72,0.928417011,0.587641072,0.160048811,0.030193225,-938,141,-242.4437,306.8751,-974,-407,-808.0317,130.5942,565.588,10502.66,20288.96,9866.71,13146.08,3580.18,60.0756,58.8294,58.6711,62.8019,63.9778,66.4609,67.2756,61.8867,56.2444,57.0199,69.1778,61.1308,70.48,70.0141,41.68,56.1946,58.4533,70.3434,91.0667,77.3376,50.5911,59.0641,72.1422,69.7383,86100,0.665,0.0027,0.0348,6.01,11000000,0.0104,640,128000,428000,0.0043,5,2,3,3
165,172,50.28427125,48.66017625,14.49429284,18.07347868,11.81735593,1.529401229,1.219468292,0.756623629,0.959302326,0.6875,0.875682061,1.155641076,0.175618889,0.032298271,198,2051,651.8485,332.1162,137,2167,762.7467,704.1679,110.8982,4806.86,1933.67,4789.46,4790.32,1931.08,43.9542,54.079,28.5042,46.556,113.9333,67.1381,38.7958,58.3504,43.9,56.3619,40.95,62.2287,62.6458,59.3364,44.0125,48.9447,112.7625,68.5701,60.5875,48.8507,52.3833,51.5734,69.0333,57.7944,68300,0.887,0.0025,0.0286,6.09,-31500000,0.0119,551,201000,754000,0.0033,3,3,3,3
799,826,108.3259018,103.7409212,31.89542908,34.79264559,29.40192218,1.183345952,1.168713291,0.534669254,0.967312349,0.760952381,0.932945863,2.513927879,0.162103766,0.042325802,25,1558,1047.22,171.8422,3,1416,486.6579,410.7705,560.5607,30308.97,52522.66,953092.68,1104842.73,1149.98,34.9305,35.1898,33.1686,37.7264,171.0229,81.7492,30.2857,35.8835,35.6648,36.6709,26.6371,35.8663,31.5324,39.367,24.2857,36.4028,170.7838,81.9398,50.12,48.0965,45.3562,38.8062,50.6219,55.8847,64400,0.716,0.0006,0.0487,7.62,9220000,0.0153,927,115000,397000,0.0067,5,5,5,2
64,67,30.14213562,29.60769887,9.027033337,9.994309281,8.35510577,1.196191832,1.129687182,0.548750293,0.955223881,0.8,0.917446035,1.609296138,0.16311264,0.017730554,343,1109,821.0156,245.8837,350,746,521.4375,148.4462,299.5781,15490.06,8188.46,626409.69,604142.47,765.9855,87.125,52.9127,61.7125,56.2981,118.875,62.1002,101.4125,59.4902,84.8,66.2793,113.2125,62.8896,77.6375,64.7166,64.3625,59.1686,115.7875,57.6738,114.95,52.9411,89.225,63.2027,114.3,55.9917,60200,0.558,0.0088,0.0314,4.83,5300000,0.006,459,62000,193000,0.014,3,3,3,2
152,157,46.87005769,45.46534597,13.91159268,15.45325357,12.71690121,1.21517446,1.150105086,0.568146971,0.968152866,0.723809524,0.924043575,0.741467261,0.163592087,0.029970343,180,788,359.3224,98.666,130,684,234.6724,100.3921,124.65,6069.75,1693.56,6068.84,6069.03,1693.47,70.8143,50.2452,101.0714,69.563,136.1762,71.1369,58.2476,54.8381,58.9095,57.008,60.3905,47.9941,39.5429,43.5468,34.1476,43.9609,135.4286,68.4601,91.5143,60.0962,64.7667,56.437,75.0952,49.6453,8970,0.613,0.003,0.0544,5.93,98000,0.0241,208,11300,36200,0.0052,3,2,4,3
816,849,111.254834,106.4659157,32.23295625,36.71548815,28.61223048,1.283209577,1.207084734,0.626656089,0.961130742,0.774193548,0.90464635,2.131664332,0.165749091,0.043044586,91,1138,901.8235,289.4348,60,686,212.7479,125.9552,689.0756,8110.28,254096.63,632462.62,736168.27,127.1236,27.3852,28.38,18.6803,24.8511,158.2941,92.8416,41.704,38.237,49.7922,32.9598,50.0901,42.5308,24.9848,27.3158,15.7998,22.0152,158.426,91.5714,54.277,49.8763,83.7951,42.0124,53.1736,48.2235,39500,0.862,0.0006,0.0714,7.57,3030000,0.0319,722,142000,531000,0.002,5,5,5,3
104,131,49.69848481,44.65336104,11.50725478,16.25769338,9.654869161,1.683885417,1.889918574,0.804564972,0.79389313,0.541666667,0.655442949,1.896020978,0.213258669,0.10151464,145,1058,535.4327,284.0002,135,433,211.9773,72.1298,323.4554,2381.47,2037.32,303902.31,295725.39,72.4822,80.2656,53.4533,59.8333,52.8723,91.4583,69.6844,87.5208,56.6186,65.7969,55.819,109.1615,54.81,97.0208,61.9856,64.8646,57.7315,86.3906,70.1527,88.9271,59.1634,99.7552,61.7312,96.4635,64.5815,59200,0.626,0.0032,0.0383,5.84,68500,0.0187,290,77500,251000,0.0046,2,3,2,4
137,148,48.04163056,45.0986221,13.20733954,15.42192469,11.85760811,1.300593218,1.340618003,0.639393212,0.925675676,0.698979592,0.84645502,0.932075116,0.171428816,0.061259546,151,2778,1016.14,690.4195,101,1182,488.9492,288.6322,527.1895,14275.25,10903.54,1503694.81,1399814.69,894.3761,90.2449,61.8084,64.801,62.9076,98.3316,70.772,76.2959,60.1925,66.4592,55.3515,74.3673,58.5815,74.8265,62.6723,69.0408,62.7979,87.8112,64.7729,63.7041,55.0948,76.4388,55.8709,70.9235,54.0487,339000,0.621,0.0032,0.0149,5.87,495000,0.0043,821,441000,1430000,0.0038,3,3,3,2
144,149,45.79898987,44.41368536,13.54055001,14.69471326,12.66690305,1.160087292,1.159149475,0.506901307,0.966442953,0.791208791,0.917357747,1.357675955,0.162204151,0.030247491,169,1043,676.9931,297.4798,165,1042,364.4211,232.9658,312.572,8072.58,3726.3,577741.73,583516.57,523.5425,78.2527,59.6223,51.4835,48.2367,116.7637,69.0252,52.7033,58.4405,61.3901,53.9187,50.9835,55.4953,53.3516,45.2366,40.6044,44.5976,118.7363,68.2734,88.8077,58.6692,92.0824,48.1454,85.956,63.8617,74500,0.605,0.0035,0.0371,5.77,-3480000,0.0133,492,94100,302000,0.0063,4,3,5,2
971,1173,149.1959595,137.8458287,35.16127981,48.90968709,29.90908067,1.635278851,1.824252834,0.791231679,0.827791986,0.493394309,0.64215791,5.514032121,0.211382848,0.076075323,6,1159,670.2691,322.1042,3,1163,271.0392,301.3732,399.2299,5710.45,5711.85,3525.81,3080.02,1888.14,47.4146,48.4506,39.3831,48.7022,80.7729,89.3757,35.0452,41.3265,38.7271,43.4476,25.7063,35.8155,30.7912,35.5916,22.1225,35.1008,80.9873,90.9821,23.6057,29.1939,25.9685,29.3522,19.5661,26.4055,30600,0.89,0.0003,0.0397,8.29,-1300000,0.0144,477,137000,519000,0.0007,4,5,5,2
82,88,36.627417,35.06393149,10.21790794,12.7929374,8.429131093,1.517705355,1.301933702,0.752239811,0.931818182,0.621212121,0.838112848,0.965431713,0.176861914,0.042686207,189,1092,514.3171,294.7438,160,1038,460.62,277.3768,53.6971,4318.16,15267.59,270456.16,334568.85,362.6733,82.6894,68.2268,72.9394,67.7107,107.9242,66.9659,92.2197,68.5898,92.197,75.6524,87.1515,68.9412,68.3106,62.2908,88.9924,75.6255,110.25,67.4331,76.4848,57.9939,110.2348,68.4663,107.2197,67.0414,49300,0.75,0.005,0.0379,5.41,9930000,0.0096,355,85000,298000,0.0086,3,3,3,2
76,78,32.38477631,31.95469482,9.836981519,10.40942117,9.458193909,1.100571765,1.098141608,0.417626868,0.974358974,0.76,0.935306834,0.383973284,0.160482578,0.01328036,113,795,411.8947,199.2097,106,340,181.2917,71.5174,230.6031,5310.66,1897.74,5310.61,5310.55,1897.63,85.77,52.3112,94.16,63.9769,104.2,62.9358,56.76,61.3307,59.39,57.697,79.72,54.456,106.95,61.8782,98.71,64.2356,106.78,64.4331,89.19,63.6565,84,49.302,115.62,66.1284,39900,0.55,0.0067,0.0299,5.11,-391000,0.0121,288,42300,131000,0.008,3,3,3,2
435,456,80.91168825,77.51885187,23.53421343,25.06001974,22.33517595,1.121997866,1.197632037,0.453478349,0.953947368,0.696,0.909671226,0.774365947,0.161522702,0.041932587,-955,16,-287.7765,316.2266,-938,-133,-842.7421,122.7414,554.9656,21187.75,23338.94,13680.36,20391.92,2040.36,23.048,46.3664,19.4896,43.1498,16.12,42.227,22.408,45.6759,16.9488,41.0918,26.1152,51.4672,23.1296,51.9173,21.1808,44.7636,19.1552,47.5214,36.2096,61.7412,27.9312,49.9156,31.9648,54.6566,41900,0.845,0.001,0.073,7.08,2640000,0.038,539,135000,499000,0.0024,3,5,5,2
184,199,59.69848481,52.5508157,15.30607971,18.66187904,13.15099497,1.41904693,1.541341707,0.709507058,0.924623116,0.691729323,0.837276234,1.596184043,0.176137137,0.11972949,-763,51,-316.6393,214.6057,-861,-453,-736.7439,94.4355,420.1046,13006.61,6635.84,23956.19,20035.77,3309.71,36.3496,59.4026,33.5526,59.5283,31.7105,60.2772,28.8872,55.8038,30.0075,56.4925,28.9925,55.554,34.8383,59.1184,34.3271,56.8059,29.4812,57.6262,50.6504,70.6181,52.594,72.9937,42.4361,65.7258,39600,0.721,0.0023,0.032,6.2,1880000,0.0121,454,70700,244000,0.003,4,4,3,4
488,526,90.66904756,86.54423707,24.92671053,32.60805227,19.63204017,1.660960959,1.340566682,0.79845001,0.927756654,0.663043478,0.818753894,5.152876919,0.185199207,0.045493039,164,1048,765.8893,289.4714,74,849,285.2903,152.5272,480.599,4352.18,9289.51,714437.34,642931.05,51.4003,34.284,41.7197,26.0027,43.0582,123.0272,91.6277,32.1563,38.9448,47.4552,37.1993,33.0136,38.5144,49.6196,37.4577,38.3587,37.9904,122.6196,88.5561,48.2065,43.3528,64.4973,40.7461,58.4185,50.646,40000,0.821,0.0008,0.0631,7.24,3080000,0.0314,565,112000,407000,0.0026,5,5,5,4
235,240,57.69848481,56.55402687,17.29772508,19.87897809,15.17155569,1.31027948,1.127330068,0.646167109,0.979166667,0.767973856,0.923316632,1.092824559,0.165607235,0.019835147,2,1501,864.3377,390.5539,20,2401,635.8028,670.6285,228.5348,19347.51,134578,855627.42,803064.36,4854.11,51.7222,47.0145,56.951,60.3137,135.9804,81.2742,73.3595,54.444,73.1732,60.5534,57.5098,50.9704,72.4967,59.8835,61.9183,61.391,136.7091,83.0268,44.732,45.8195,57.0065,48.822,40.1536,48.1903,176000,0.603,0.002,0.0228,6.35,78200000,0.0085,836,213000,684000,0.003,3,3,5,2
78,79,33.45584412,33.27769854,9.96557497,10.56413945,9.691453446,1.090046969,1.141930091,0.397985602,0.987341772,0.65,0.885111331,1.656899729,0.162546992,0.005324797,154,1042,612.7692,272.1456,131,502,287.4524,98.0516,325.3168,3411.05,3001.19,393821.68,385003.82,162.9206,76.6667,61.8452,65.2167,66.0709,107.4333,68.5084,68.05,64.5902,63.0917,61.0463,82.5917,59.1893,79.475,56.705,65.2083,59.6433,106.45,66.9669,72.675,62.8942,75.575,64.9624,90.6833,56.0066,64000,0.6,0.0054,0.0207,5.32,2390000,0.0057,413,76800,245000,0.0054,3,3,3,2
681,742,106.0832611,101.1254121,29.44615645,33.00448721,27.81519349,1.186563279,1.315033293,0.538273755,0.917789757,0.709375,0.836828316,3.923954571,0.170733709,0.04673545,206,1224,926.3216,248.5757,138,901,324.9928,165.1545,601.3288,6003.84,6949.78,920220.79,1002473.66,117.497,29.9031,27.8444,19.1104,28.2469,141.301,89.6593,24.3823,33.2851,35.9083,31.5471,29.3104,37.353,51.3583,49.92,32.4177,43.0979,142.3469,89.6151,38.825,43.5701,56.2813,38.2629,40.101,45.7712,37600,0.846,0.0006,0.0564,7.54,1230000,0.0239,644,122000,449000,0.0017,5,5,3,4
430,476,90.22539674,80.75063197,23.39856842,25.68446879,22.46372901,1.143375117,1.506535193,0.484838667,0.903361345,0.644677661,0.828679241,2.751447975,0.168843662,0.105012171,157,1226,815.7953,295.5604,45,847,247.4937,158.3984,568.3017,4041.4,3399.46,738923.41,716724.2,106.7161,39.5682,39.4526,31.2039,44.5693,117.5202,87.9758,52.3673,48.7839,87.6252,53.3165,53.4858,48.1814,42.3823,40.9043,26.1889,36.7583,117.7646,89.3805,52.8591,51.9866,67.7571,47.7602,60.9595,54.22,41800,0.849,0.0009,0.0408,7.18,5840000,0.0149,604,138000,510000,0.0017,5,5,5,4
375,399,78.76955262,73.45737424,21.85096861,24.16542087,20.31505821,1.189532445,1.316666015,0.541553271,0.939849624,0.741106719,0.873313817,1.185407164,0.165667081,0.067439489,161,1127,844.6507,277.8927,118,905,407.2366,223.3957,437.414,7446.39,10121.37,753861.84,804104.2,130.3075,63.83,45.025,60.085,62.3065,141.4032,82.4431,56.5593,53.6586,59.1107,44.7459,59.8241,56.581,43.6621,42.8028,45.2885,51.2933,142.417,80.8071,60.6779,55.979,52.4447,36.5067,61.4881,53.7248,43100,0.784,0.0012,0.0539,6.88,-4840000,0.0249,652,98400,352000,0.0027,4,5,3,2
169,189,55.35533906,50.86256438,14.66892917,17.97595917,12.58325567,1.428561863,1.442854246,0.714138249,0.894179894,0.662745098,0.820918539,1.52764675,0.177073508,0.081162445,141,1142,828.645,239.7253,80,995,490.6977,165.8994,337.9473,6663.88,9815.19,707318.26,768369.64,429.5696,76.749,55.2151,63.2039,55.0451,122.5529,75.0827,78.6784,53.6375,47.0902,51.136,105.8118,53.0933,76.5216,50.3889,56.3255,48.3011,121.9725,72.3147,81.749,58.2888,86.8941,52.6909,85.6118,61.6066,44400,0.682,0.0024,0.0259,6.16,3010000,0.0084,667,68800,232000,0.0037,5,3,3,3
670,688,99.01219331,95.81211742,29.20737056,33.13299382,25.91210385,1.27866861,1.164374526,0.623198798,0.973837209,0.800477897,0.917157223,1.825855678,0.16479158,0.032320018,-939,67,-212.3104,302.0099,-986,-8,-722.7725,198.7305,510.462,10228.07,17512.86,11074.07,12485.1,3573.44,49.1685,54.7715,47.7575,57.6266,72.368,85.265,42.5388,44.4248,35.4791,42.8066,39.8757,42.5703,26.8112,38.642,18.2581,33.6318,72.9665,86.5451,33.9773,40.4317,29.1529,38.576,38.4205,43.8196,39300,0.826,0.0008,0.084,7.31,-2620000,0.045,708,115000,419000,0.0031,3,5,3,3
153,163,48.627417,46.75650062,13.95727948,16.07216746,12.48554601,1.287261883,1.22987538,0.6296947,0.938650307,0.735576923,0.879462437,1.558802598,0.168111421,0.038474517,-850,-48,-449.3856,224.7963,-913,-117,-611.0727,223.0135,161.6871,14611.27,2515.97,25453.29,23786.6,1814.89,0,0,0,0,0,0,0,0,0,0,0,0,0,0,0,0,0,0,0,0,0,0,0,0,24700,0.794,0.003,0.0294,5.93,2780000,0.0114,448,52500,188000,0.0035,1,5,3,2
49,50,26.14213562,25.89019972,7.89865417,9.137936861,6.964018567,1.312164345,1.109880402,0.647459736,0.98,0.777777778,0.918618405,1.291136438,0.164965278,0.009637158,539,1785,1013.12,396.5012,567,1014,782.0714,175.4898,231.051,2148.46,2147.1,1449.63,1558.42,1201.37,104.3968,66.1802,86.873,63.4852,107.2222,58.6393,76.7937,57.9032,72.5397,62.0457,102.6349,49.3827,123.127,68.2168,120.0159,76.2954,104.4921,57.8407,100.2857,59.9097,93.5238,67.9981,109.3492,54.603,164000,0.504,0.0114,0.0236,4.56,56500000,0.0146,465,144000,433000,0.0114,1,1,2,1
119,123,41.21320344,40.07053961,12.30916349,13.42684306,11.39604852,1.17820164,1.135836761,0.528792475,0.967479675,0.762820513,0.931336114,0.748199677,0.161493367,0.027725674,1,1836,903.4407,582.8533,8,921,267.0556,263.8097,636.3851,3554.22,2008.18,3552.83,3552.47,2007.22,72.6795,57.7529,82.4936,64.2019,108.1987,74.0454,53.9423,59.1029,63.7756,58.8331,55.7051,58.8159,62.7756,58.5313,34.2949,50.6695,109.7756,68.631,80.4679,56.6004,90.8526,59.1682,69.6154,67.0011,267000,0.628,0.0041,0.0184,5.61,88100000,0.0051,818,350000,1140000,0.0055,1,1,1,1
70,70,30.72792206,30.72792206,9.440697439,9.874826579,9.200453481,1.073297811,1.073392314,0.363208583,1,0.864197531,0.931625825,0.523488699,0.160262391,4.44E-16,130,1041,551.2714,343.2479,131,348,210.1818,73.5525,341.0896,6258.82,4459.96,388729.66,399715.27,567.0368,84.3086,53.8537,72.679,66.1846,109.1852,66.0761,76.1481,47.6917,101.8272,59.9841,98.7901,48.4228,57.5062,59.2297,42.8272,57.8664,114.2593,66.9451,110.6667,71.5273,111.9136,60.3828,98.2593,65.2209,107000,0.589,0.0086,0.0449,4.85,14900000,0.0181,422,116000,367000,0.0125,3,3,5,2
85,87,34.38477631,33.95469482,10.4031419,11.46728851,9.604875619,1.193902864,1.106887842,0.546300773,0.977011494,0.772727273,0.926465234,0.476957933,0.162562996,0.012507904,234,914,555.7294,203.6075,230,593,417.64,121.2617,138.0894,5026.36,4395.03,296709.4,344165.98,335.317,61.0455,52.4253,54.8636,52.2103,111.4636,64.9352,90.6091,54.649,101.7636,49.548,105.2,62.5797,65.3,53.9882,67.9,55.5159,114.2091,62.5979,67.4455,63.5686,61.1273,60.8878,82.2636,59.5273,29000,0.682,0.006,0.0312,5.22,3180000,0.0102,318,39600,133000,0.0073,3,3,3,2
70,71,31.55634919,31.1262677,9.440697439,11.08481774,8.21084479,1.35002159,1.132049982,0.671804067,0.985915493,0.777777778,0.907933013,0.610205413,0.167521866,0.013629,157,899,476.3429,248.7256,158,399,213.2,64.0777,263.1429,6069.59,6067.61,2512.71,5031.37,1801.8,97.0667,61.4616,92.7778,61.8016,110.0333,65.9393,79.0778,53.2628,91.6889,47.344,88.3444,54.0117,62.7333,55.5879,38.5111,54.9129,113.3444,68.5326,115.2667,67.8576,115.3222,59.5371,121.2,65.8598,48700,0.663,0.0076,0.0411,4.98,-216000,0.0192,290,61300,204000,0.0103,2,3,3,2
74,76,32.38477631,31.80560929,9.70668462,10.33380774,9.271115967,1.114623932,1.127821111,0.441698434,0.973684211,0.747474747,0.919251071,1.164963998,0.160535901,0.017883928,239,976,630.4054,245.299,208,644,315.56,111.9662,314.8454,4508.66,4507.52,3097.01,2565.69,1960.8,81.1313,59.3964,68.7879,61.8928,115.202,66.3846,105.1919,64.944,79.2323,54.0987,122.4242,53.7268,67.9495,48.8138,89.2626,60.2904,109.1414,63.464,97.7172,55.0354,110.0404,65.3259,112.8687,52.8964,64500,0.541,0.0068,0.0264,5.09,477000,0.007,386,67400,208000,0.0083,2,3,3,2
180,185,51.45584412,49.97734209,15.13879513,16.88166844,13.79034862,1.224165458,1.170542118,0.576803346,0.972972973,0.756302521,0.905599258,2.279323609,0.164061728,0.028733413,148,1090,720.1556,302.1414,158,653,339.7931,130.2187,380.3625,6455.08,6455.93,4096.82,3384.43,1815.32,55.8992,42.7281,56.7983,56.7859,121.4286,74.7716,96.584,61.608,89.1008,48.2966,110.3697,68.4204,48.2689,53.1021,35.9664,50.1529,122.1639,74.1086,53.3866,52.0748,61.8529,47.4825,52.6429,55.6679,53000,0.74,0.0026,0.0425,6.08,5330000,0.0209,521,98000,341000,0.0037,2,3,5,2
66,67,30.627417,30.27112583,9.166995688,9.487704091,9.105442928,1.041981611,1.131011299,0.280992941,0.985074627,0.66,0.905100183,0.465211943,0.161230069,0.011633079,126,1000,511.0152,261.9267,133,446,204.8824,75.8778,306.1328,6044.59,1333.38,6044.75,6045.01,1333.19,100.17,70.8523,96.81,71.7332,110.87,68.4797,91.27,62.2843,87.59,60.9753,98.8,52.6012,131.11,56.0321,88.04,65.8241,103.52,66.8973,94.73,63.6445,100.51,63.4093,110.54,66.5518,68600,0.547,0.0067,0.0286,5.11,6680000,0.0125,322,72200,223000,0.0069,2,3,3,2
127,139,45.69848481,43.88904273,12.71618741,14.5658388,11.74038455,1.240661134,1.30854908,0.591885761,0.913669065,0.610576923,0.828516893,1.876185452,0.170931901,0.039595231,213,1236,758.126,295.5269,202,743,322.9136,109.8435,435.2124,4413.56,4415.17,2736.96,2547.92,1786.72,66.0913,48.4907,62.6635,52.8483,107.3413,73.9874,62.601,53.3427,60.2308,54.7723,73.4856,55.7537,61.1058,61.4441,50.2212,53.7396,108.3029,74.8586,93.1538,61.2744,69.1587,56.0401,73.4904,51.5247,65500,0.699,0.003,0.0356,5.93,6810000,0.0132,426,105000,357000,0.0047,2,3,4,4
99,100,37.21320344,36.60497636,11.22723096,11.99345521,10.7405379,1.116653125,1.11313812,0.444994608,0.99,0.75,0.928463418,0.609417206,0.161954202,0.016344389,180,1053,575.7273,308.4483,157,1179,352.6364,230.1316,223.0909,5639.43,5635.76,2422.78,3817.56,1686.47,94.9394,63.8366,62.8106,54.3039,108.4773,69.4269,111.0379,62.483,102.9167,56.497,114.4167,55.9591,69.0985,49.3147,47.3712,47.1409,105.553,69.8752,87.8712,56.4449,114.3106,59.7731,87.6212,52.5571,78600,0.604,0.005,0.0345,5.41,-4290000,0.0094,394,95700,306000,0.008,2,3,4,2
141,152,47.21320344,45.21995146,13.39876023,14.12212138,13.20316427,1.069601278,1.258050169,0.354837929,0.927631579,0.774725275,0.866500451,0.884021108,0.164490777,0.042218105,94,1081,752.9787,308.1608,116,934,442.4146,288.5348,310.5641,4774.29,1712.89,4772.87,4773.61,1712.48,49.2033,46.0801,52.9341,54.0433,126.0495,70.1823,67.522,47.7964,89.044,56.861,67.9121,54.2992,46.2637,55.7226,38.7198,54.6079,125.2582,70.8217,64.0275,59.0517,66.5,53.1551,56.2692,55.5711,60500,0.748,0.0035,0.0412,5.77,9480000,0.0188,628,102000,355000,0.0053,2,3,4,2
379,512,112.3675324,90.56095513,21.96719799,37.7161514,16.59893936,2.272202493,2.651139701,0.897947974,0.740234375,0.433142857,0.580720404,4.771119535,0.279578858,0.194064751,4,1550,796.1126,420.2974,1,1020,146.5164,139.6079,649.5962,4540.79,4539.32,3286.67,2272.17,1691.18,33.5223,42.1315,32.4389,41.7945,80.7451,85.7382,40.9703,45.7192,43.3051,53.4228,41.8731,49.2888,31.6137,44.3182,24.1954,41.6675,81.1097,87.7647,44.7486,51.8506,46.8937,51.4828,42.7314,55.2534,123000,0.693,0.0007,0.036,7.45,-2360000,0.0116,444,199000,673000,0.0019,3,4,5,2
70,73,32.97056275,32.41272801,9.440697439,11.90704023,7.808582309,1.524865815,1.235790396,0.754938661,0.95890411,0.729166667,0.8372916,2.380899223,0.17864723,0.016919175,1,2418,850.2319,802.1291,17,897,254.4231,252.4173,595.8088,3442.19,1667.68,3445.57,3443.85,1665.31,80.4688,70.4525,73.8854,65.7819,97.7708,73.1357,102.1458,63.0355,100.1354,65.2839,100.9688,67.0994,95.75,77.7583,95.3229,68.4389,101.5208,76.3031,108.8854,62.9795,125.4688,74.106,85.7813,54.5207,553000,0.576,0.0071,0.0194,5.05,262000000,0.0094,761,611000,1920000,0.0085,1,1,5,1
65,67,30.627417,30.19733551,9.097283683,9.689458486,8.79214257,1.102058845,1.148411473,0.420284114,0.970149254,0.65,0.895748258,0.501492214,0.162039144,0.014042369,263,1025,695.5846,277.6314,258,916,415.0286,174.8222,280.556,3362.75,1705.49,3364.93,3364.33,1704.96,82.64,62.4722,67.94,60.9363,107.73,64.4352,69.84,72.196,65.6,69.7698,79.73,61.056,99.33,60.5146,86.05,57.3508,107.37,65.3237,76.6,65.8543,85.77,72.5579,86.98,63.6934,70600,0.578,0.0067,0.0359,5.11,4560000,0.0146,382,77100,244000,0.0077,2,3,2,3
330,412,90.32590181,81.22971757,20.49802551,35.71536273,13.33812621,2.677689668,1.967436882,0.927647785,0.800970874,0.64453125,0.628483554,6.1841919,0.274777666,0.100704051,206,1069,726.3848,246.2911,169,1034,343.9176,218.2046,382.4673,7291.2,2614.79,7284.29,7284.16,2613.57,37.3047,33.2877,32.1758,32.7247,122.4316,75.4718,49.3379,47.1452,43.8965,39.8557,49.0449,44.8133,75.8906,49.4974,56.9707,54.0314,121.4453,82.7609,40.7461,43.4353,56.3906,42.0338,45.543,44.0123,48900,0.72,0.0012,0.0347,6.89,544000,0.0124,454,86600,298000,0.002,3,2,4,5
203,221,61.69848481,57.4504764,16.07692842,23.15217754,11.58524497,1.998419335,1.492255182,0.865796954,0.918552036,0.604166667,0.772891682,3.018724957,0.205534039,0.068851098,26,1821,767.6881,465.1495,51,575,188.1128,85.5057,579.5753,5472.72,1712.63,5471.07,5470.47,1712.1,68.9435,51.1531,66.3125,57.4127,87.9762,72.4765,98.7679,53.3269,69.872,54.6061,74.1101,47.9868,49.622,50.3983,54.4167,50.3853,86.5833,74.7395,78.0179,53.3359,78.3095,61.2226,59.7887,47.8996,141000,0.69,0.0018,0.0261,6.45,-16900000,0.0105,580,224000,755000,0.0029,2,3,4,4
58,60,29.79898987,29.04167727,8.593479714,10.49288323,7.267282354,1.443852422,1.218330811,0.721329975,0.966666667,0.644444444,0.864160612,0.975469082,0.172680307,0.025414036,122,985,524.2414,256.0991,98,482,203.6563,82.8612,320.5851,5601.36,5600.45,2430.89,3294.73,1457.82,73.9889,61.9691,117.3667,64.779,113.8444,68.1057,53.4,56.0804,63.1,59.0715,68.7,54.362,97.5889,69.1453,84.5778,59.4956,107.0222,68.094,97.7556,59.2717,120.4333,61.406,87.0444,62.7003,64500,0.56,0.0076,0.0217,4.98,852000,0.0033,347,69000,215000,0.0087,2,2,3,3
