Nodule ID,Actual [1],Actual [2],Actual [3],Actual [4],Actual [5],Predicted [1],Predicted [2],Predicted [3],Predicted [4],Predicted [5],|['Area', 'ConvexArea', 'Perimeter', 'ConvexPerimeter', 'EquivDiameter', 'MajorAxisLength', 'MinorAxisLength', 'Elongation', 'Compactness', 'Eccentricity', 'Solidity', 'Extent', 'Circularity', 'RadialDistanceSD', 'SecondMoment', 'Roughness', 'MinIntensity', 'MaxIntensity', 'MeanIntensity', 'SDIntensity', 'MinIntensityBG', 'MaxIntensityBG', 'MeanIntensityBG', 'IntensityDifference', 'markov1', 'markov2', 'markov3', 'markov4', 'gabormean_0_2', 'gaborSD_0_2', 'gabormean_1_0', 'gaborSD_1_0', 'gabormean_1_1', 'gaborSD_1_1', 'gabormean_1_2', 'gaborSD_1_2', 'gabormean_2_0', 'gaborSD_2_0', 'gabormean_2_1', 'gaborSD_2_1', 'gabormean_2_2', 'gaborSD_2_2', 'gabormean_3_0', 'gaborSD_3_0', 'gabormean_3_1', 'gaborSD_3_1', 'gabormean_3_2', 'gaborSD_3_2', 'Contrast', 'Correlation', 'Energy', 'Homogeneity', 'Entropy', 'x_3rdordermoment', 'Inversevariance', 'Sumaverage', 'Variance', 'Clustertendency', 'MaxProbability']|
1.0,0,0,0.5,0.5,0,0.7708333333333334,0.22916666666666666,0.0,0.0,0.0
3.0,1.0,0,0,0,0,0.7708333333333334,0.22916666666666666,0.0,0.0,0.0
4.0,0,0.75,0.25,0,0,0.06666666666666667,0.05,0.4166666666666667,0.43333333333333335,0.03333333333333333
5.0,0,0.25,0.75,0,0,0.0,0.22916666666666666,0.7083333333333334,0.0625,0.0
6.0,1.0,0,0,0,0,0.4444444444444444,0.5,0.013888888888888888,0.041666666666666664,0.0
7.0,0,0,0.75,0.25,0,0.0,0.22916666666666666,0.7083333333333334,0.0625,0.0
8.0,0.25,0.75,0,0,0,0.0,0.0,0.25,0.6730769230769231,0.07692307692307693
17.0,0,0,0.75,0.25,0,0.0,0.0,0.6805555555555556,0.3194444444444444,0.0
20.0,0,0.5,0.5,0,0,0.0,0.2857142857142857,0.7142857142857143,0.0,0.0
23.0,0,0,0,1.0,0,0.06666666666666667,0.05,0.4166666666666667,0.43333333333333335,0.03333333333333333
25.0,0.5,0.5,0,0,0,0.0,0.0,0.25,0.6730769230769231,0.07692307692307693
27.0,0,0,0,0.25,0.75,0.06666666666666667,0.05,0.4166666666666667,0.43333333333333335,0.03333333333333333
33.0,0,0.25,0.75,0,0,0.0,0.2857142857142857,0.7142857142857143,0.0,0.0
34.0,0,0,0,0.75,0.25,0.0,0.0,0.25,0.6730769230769231,0.07692307692307693
35.0,0,0,0.75,0.25,0,0.0,0.22916666666666666,0.7083333333333334,0.0625,0.0
36.0,0,0.25,0.75,0,0,0.0,0.0,0.6805555555555556,0.3194444444444444,0.0
37.0,0,1.0,0,0,0,0.0,0.0,0.25,0.6730769230769231,0.07692307692307693
43.0,0,0,0.25,0.75,0,0.0,0.0,0.25,0.6730769230769231,0.07692307692307693
47.0,0,0.5,0.5,0,0,0.0,0.14583333333333334,0.7916666666666666,0.0625,0.0
48.0,1.0,0,0,0,0,0.0,0.0,0.25,0.6730769230769231,0.07692307692307693
50.0,0,0,0,0.75,0.25,0.0,0.0,0.25,0.6730769230769231,0.07692307692307693
51.0,0,0,0,1.0,0,0.06666666666666667,0.05,0.4166666666666667,0.43333333333333335,0.03333333333333333
52.0,0,0.5,0.5,0,0,0.0,0.2857142857142857,0.7142857142857143,0.0,0.0
53.0,0.25,0.75,0,0,0,0.7708333333333334,0.22916666666666666,0.0,0.0,0.0
58.0,0,0,0,0.5,0.5,0.0,0.0,0.25,0.6730769230769231,0.07692307692307693
60.0,0,0,0,0.5,0.5,0.0,0.0,0.25,0.6730769230769231,0.07692307692307693
62.0,0,0.25,0.75,0,0,0.7708333333333334,0.22916666666666666,0.0,0.0,0.0
65.0,0,0,0.75,0.25,0,0.06666666666666667,0.05,0.4166666666666667,0.43333333333333335,0.03333333333333333
71.0,0,0.75,0.25,0,0,0.7708333333333334,0.22916666666666666,0.0,0.0,0.0
77.0,0,1.0,0,0,0,0.0,0.22916666666666666,0.7083333333333334,0.0625,0.0
79.0,0,0.25,0.75,0,0,0.0,0.14583333333333334,0.7916666666666666,0.0625,0.0
87.0,0,0,0,0.25,0.75,0.0,0.0,0.5,0.4791666666666667,0.020833333333333332
88.0,0,0,0,0.25,0.75,0.0,0.0,0.5,0.4791666666666667,0.020833333333333332
89.0,0,1.0,0,0,0,0.0,0.14583333333333334,0.7916666666666666,0.0625,0.0
92.0,0,0.25,0.75,0,0,0.0,0.14583333333333334,0.7916666666666666,0.0625,0.0
96.0,0,0,0.5,0.5,0,0.0,0.2857142857142857,0.7142857142857143,0.0,0.0
98.0,0,0,0,0.5,0.5,0.0,0.0,0.0,0.5833333333333334,0.4166666666666667
101.0,0,0.5,0.5,0,0,0.0,0.2857142857142857,0.7142857142857143,0.0,0.0
102.0,0,0,0,0.5,0.5,0.0,0.0,0.25,0.6730769230769231,0.07692307692307693
103.0,0,0,0.5,0.5,0,0.0,0.22916666666666666,0.7083333333333334,0.0625,0.0
104.0,0,0.75,0.25,0,0,0.0,0.2857142857142857,0.7142857142857143,0.0,0.0
105.0,0,1.0,0,0,0,0.0,0.14583333333333334,0.7916666666666666,0.0625,0.0
106.0,0,0.25,0.75,0,0,0.0,0.14583333333333334,0.7916666666666666,0.0625,0.0
110.0,0,0,1.0,0,0,0.0,0.0,0.6805555555555556,0.3194444444444444,0.0
112.0,0,0,0.25,0.75,0,0.06666666666666667,0.05,0.4166666666666667,0.43333333333333335,0.03333333333333333
113.0,0,0,0,0.75,0.25,0.0,0.0,0.25,0.6730769230769231,0.07692307692307693
124.0,0,0,0,0.5,0.5,0.0,0.0,0.25,0.6730769230769231,0.07692307692307693
126.0,0,0,0,0.5,0.5,0.0,0.0,0.25,0.6730769230769231,0.07692307692307693
127.0,0,0,0.5,0.5,0,0.0,0.0,0.5,0.4791666666666667,0.020833333333333332
130.0,1.0,0,0,0,0,0.7708333333333334,0.22916666666666666,0.0,0.0,0.0
133.0,0,0.25,0.75,0,0,0.0,0.22916666666666666,0.7083333333333334,0.0625,0.0
134.0,0,0,0.25,0.75,0,0.0,0.22916666666666666,0.7083333333333334,0.0625,0.0
136.0,0,0,0,0.75,0.25,0.0,0.0,0.25,0.6730769230769231,0.07692307692307693
137.0,0,0.25,0.75,0,0,0.0,0.2857142857142857,0.7142857142857143,0.0,0.0
146.0,0,0.5,0.5,0,0,0.0,0.22916666666666666,0.7083333333333334,0.0625,0.0
147.0,0,0,0.75,0.25,0,0.0,0.22916666666666666,0.7083333333333334,0.0625,0.0
149.0,0,0,0.5,0.5,0,0.0,0.0,0.0,0.5833333333333334,0.4166666666666667
154.0,0,0,0.75,0.25,0,0.0,0.0,0.25,0.6730769230769231,0.07692307692307693
155.0,0,0,0,0.75,0.25,0.0,0.0,0.5,0.4791666666666667,0.020833333333333332
156.0,0,0,0,1.0,0,0.0,0.0,0.0,0.5833333333333334,0.4166666666666667
157.0,0,0,0.5,0.5,0,0.0,0.0,0.25,0.6730769230769231,0.07692307692307693
167.0,0,0.5,0.5,0,0,0.0,0.2857142857142857,0.7142857142857143,0.0,0.0
168.0,0,0.5,0.5,0,0,0.0,0.14583333333333334,0.7916666666666666,0.0625,0.0
169.0,0.25,0.75,0,0,0,0.06666666666666667,0.05,0.4166666666666667,0.43333333333333335,0.03333333333333333
171.0,0,0,1.0,0,0,0.0,0.0,0.6805555555555556,0.3194444444444444,0.0
174.0,0,0.25,0.75,0,0,0.0,0.14583333333333334,0.7916666666666666,0.0625,0.0
176.0,1.0,0,0,0,0,0.06666666666666667,0.05,0.4166666666666667,0.43333333333333335,0.03333333333333333
178.0,0,1.0,0,0,0,0.0,0.0,0.25,0.6730769230769231,0.07692307692307693
179.0,0,0,0,0.75,0.25,0.0,0.0,0.25,0.6730769230769231,0.07692307692307693
185.0,0,0,0,0.75,0.25,0.0,0.0,0.25,0.6730769230769231,0.07692307692307693
195.0,0,0,1.0,0,0,0.0,0.14583333333333334,0.7916666666666666,0.0625,0.0
196.0,0,0,1.0,0,0,0.7708333333333334,0.22916666666666666,0.0,0.0,0.0
203.0,0,0.5,0.5,0,0,0.0,0.2857142857142857,0.7142857142857143,0.0,0.0
204.0,1.0,0,0,0,0,0.7708333333333334,0.22916666666666666,0.0,0.0,0.0
205.0,0,0,0,0,1.0,0.0,0.0,0.0,0.5833333333333334,0.4166666666666667
211.0,0,0,1.0,0,0,0.0,0.0,0.5,0.4791666666666667,0.020833333333333332
213.0,0,0,0.5,0.5,0,0.7708333333333334,0.22916666666666666,0.0,0.0,0.0
218.0,0,0,0.25,0.75,0,0.0,0.0,0.0,0.5833333333333334,0.4166666666666667
221.0,0,0.25,0.75,0,0,0.7708333333333334,0.22916666666666666,0.0,0.0,0.0
222.0,0,0,0.75,0.25,0,0.0,0.0,0.0,0.5833333333333334,0.4166666666666667
223.0,0,0,0.75,0.25,0,0.0,0.2857142857142857,0.7142857142857143,0.0,0.0
224.0,0.5,0.5,0,0,0,0.0,0.14583333333333334,0.7916666666666666,0.0625,0.0
226.0,0,0.5,0.5,0,0,0.0,0.14583333333333334,0.7916666666666666,0.0625,0.0
227.0,0,0,0.75,0.25,0,0.0,0.14583333333333334,0.7916666666666666,0.0625,0.0
231.0,0,0,0.5,0.5,0,0.0,0.0,0.0,0.5833333333333334,0.4166666666666667
244.0,0,1.0,0,0,0,0.0,0.14583333333333334,0.7916666666666666,0.0625,0.0
249.0,0,0.5,0.5,0,0,0.7708333333333334,0.22916666666666666,0.0,0.0,0.0
250.0,0,0.25,0.75,0,0,0.0,0.22916666666666666,0.7083333333333334,0.0625,0.0
251.0,0,0.5,0.5,0,0,0.0,0.14583333333333334,0.7916666666666666,0.0625,0.0
253.0,0,0,0.5,0.5,0,0.0,0.14583333333333334,0.7916666666666666,0.0625,0.0
254.0,0,0,0.5,0.5,0,0.0,0.0,0.25,0.6730769230769231,0.07692307692307693
255.0,0,0,0,0,1.0,0.0,0.0,0.25,0.6730769230769231,0.07692307692307693
263.0,0,0,0.75,0.25,0,0.0,0.22916666666666666,0.7083333333333334,0.0625,0.0
266.0,0,0.5,0.5,0,0,0.0,0.14583333333333334,0.7916666666666666,0.0625,0.0
274.0,0,0.5,0.5,0,0,0.0,0.14583333333333334,0.7916666666666666,0.0625,0.0
281.0,0,1.0,0,0,0,0.0,0.22916666666666666,0.7083333333333334,0.0625,0.0
283.0,0,0.75,0.25,0,0,0.0,0.14583333333333334,0.7916666666666666,0.0625,0.0
284.0,0,0,1.0,0,0,0.0,0.22916666666666666,0.7083333333333334,0.0625,0.0
285.0,1.0,0,0,0,0,0.7708333333333334,0.22916666666666666,0.0,0.0,0.0
286.0,0.5,0.5,0,0,0,0.7708333333333334,0.22916666666666666,0.0,0.0,0.0
287.0,0,0.25,0.75,0,0,0.0,0.0,0.5,0.4791666666666667,0.020833333333333332
291.0,1.0,0,0,0,0,0.7708333333333334,0.22916666666666666,0.0,0.0,0.0
294.0,0,0.25,0.75,0,0,0.7708333333333334,0.22916666666666666,0.0,0.0,0.0
296.0,0,0,0,1.0,0,0.0,0.0,0.5,0.4791666666666667,0.020833333333333332
297.0,0,0.25,0.75,0,0,0.06666666666666667,0.05,0.4166666666666667,0.43333333333333335,0.03333333333333333
307.0,0,0,0.25,0.75,0,0.0,0.0,0.25,0.6730769230769231,0.07692307692307693
313.0,0,0.5,0.5,0,0,0.0,0.22916666666666666,0.7083333333333334,0.0625,0.0
315.0,1.0,0,0,0,0,0.0,0.14583333333333334,0.7916666666666666,0.0625,0.0
318.0,0,0,0,0.5,0.5,0.0,0.0,0.5,0.4791666666666667,0.020833333333333332
324.0,0,0,0,1.0,0,0.0,0.0,0.25,0.6730769230769231,0.07692307692307693
326.0,0,0,0.5,0.5,0,0.0,0.0,0.5,0.4791666666666667,0.020833333333333332
329.0,0,0,0.5,0.5,0,0.0,0.0,0.5,0.4791666666666667,0.020833333333333332
330.0,0,0,0,0.5,0.5,0.06666666666666667,0.05,0.4166666666666667,0.43333333333333335,0.03333333333333333
331.0,0,0,0.75,0.25,0,0.0,0.0,0.5,0.4791666666666667,0.020833333333333332
332.0,0,0.25,0.75,0,0,0.0,0.14583333333333334,0.7916666666666666,0.0625,0.0
335.0,0,0.75,0.25,0,0,0.4444444444444444,0.5,0.013888888888888888,0.041666666666666664,0.0
337.0,0.75,0.25,0,0,0,0.7708333333333334,0.22916666666666666,0.0,0.0,0.0
338.0,0.25,0.75,0,0,0,0.0,0.0,0.25,0.6730769230769231,0.07692307692307693
340.0,0,0.5,0.5,0,0,0.0,0.14583333333333334,0.7916666666666666,0.0625,0.0
341.0,0,0,0.5,0.5,0,0.0,0.0,0.25,0.6730769230769231,0.07692307692307693
343.0,1.0,0,0,0,0,0.4444444444444444,0.5,0.013888888888888888,0.041666666666666664,0.0
348.0,0,0.25,0.75,0,0,0.0,0.14583333333333334,0.7916666666666666,0.0625,0.0
349.0,0,0,0.25,0.75,0,0.7708333333333334,0.22916666666666666,0.0,0.0,0.0
355.0,0.5,0.5,0,0,0,0.0,0.14583333333333334,0.7916666666666666,0.0625,0.0
357.0,0,1.0,0,0,0,0.7708333333333334,0.22916666666666666,0.0,0.0,0.0
361.0,0,0,0.5,0.5,0,0.7708333333333334,0.22916666666666666,0.0,0.0,0.0
363.0,0,0.25,0.75,0,0,0.0,0.2857142857142857,0.7142857142857143,0.0,0.0
369.0,0,0.5,0.5,0,0,0.0,0.14583333333333334,0.7916666666666666,0.0625,0.0
378.0,0.75,0.25,0,0,0,0.0,0.22916666666666666,0.7083333333333334,0.0625,0.0
380.0,0,0,0,0.5,0.5,0.0,0.0,0.5,0.4791666666666667,0.020833333333333332
383.0,0,0,1.0,0,0,0.0,0.0,0.5,0.4791666666666667,0.020833333333333332
384.0,0.5,0.5,0,0,0,0.0,0.14583333333333334,0.7916666666666666,0.0625,0.0
385.0,0,0,0,0.75,0.25,0.0,0.0,0.25,0.6730769230769231,0.07692307692307693
386.0,0,0.5,0.5,0,0,0.7708333333333334,0.22916666666666666,0.0,0.0,0.0
387.0,1.0,0,0,0,0,0.0,0.22916666666666666,0.7083333333333334,0.0625,0.0
388.0,0,0,0,0.75,0.25,0.0,0.0,0.25,0.6730769230769231,0.07692307692307693
391.0,0.25,0.75,0,0,0,0.0,0.22916666666666666,0.7083333333333334,0.0625,0.0
392.0,0,0,0,1.0,0,0.06666666666666667,0.05,0.4166666666666667,0.43333333333333335,0.03333333333333333
398.0,0,0,0,1.0,0,0.0,0.0,0.25,0.6730769230769231,0.07692307692307693
399.0,1.0,0,0,0,0,0.0,0.14583333333333334,0.7916666666666666,0.0625,0.0
403.0,0,0,0.25,0.75,0,0.0,0.0,0.25,0.6730769230769231,0.07692307692307693
404.0,0,0,0.5,0.5,0,0.0,0.0,0.25,0.6730769230769231,0.07692307692307693
405.0,0,0,0,1.0,0,0.0,0.0,0.0,0.5833333333333334,0.4166666666666667
408.0,0.75,0.25,0,0,0,0.0,0.14583333333333334,0.7916666666666666,0.0625,0.0
409.0,1.0,0,0,0,0,0.16666666666666666,0.4375,0.3958333333333333,0.0,0.0
410.0,0,0.5,0.5,0,0,0.0,0.14583333333333334,0.7916666666666666,0.0625,0.0
423.0,1.0,0,0,0,0,0.0,0.22916666666666666,0.7083333333333334,0.0625,0.0
433.0,0,0.25,0.75,0,0,0.0,0.2857142857142857,0.7142857142857143,0.0,0.0
435.0,0,0,0,0.25,0.75,0.0,0.0,0.0,0.5833333333333334,0.4166666666666667
436.0,1.0,0,0,0,0,0.06666666666666667,0.05,0.4166666666666667,0.43333333333333335,0.03333333333333333
437.0,0,0,0.25,0.75,0,0.0,0.0,0.6805555555555556,0.3194444444444444,0.0
439.0,0,0.25,0.75,0,0,0.0,0.14583333333333334,0.7916666666666666,0.0625,0.0
440.0,0,0.5,0.5,0,0,0.0,0.2857142857142857,0.7142857142857143,0.0,0.0
443.0,0.5,0.5,0,0,0,0.0,0.14583333333333334,0.7916666666666666,0.0625,0.0
444.0,0,0,0.25,0.75,0,0.0,0.0,0.5,0.4791666666666667,0.020833333333333332
446.0,0,0.75,0.25,0,0,0.0,0.22916666666666666,0.7083333333333334,0.0625,0.0
447.0,0,0.25,0.75,0,0,0.0,0.2857142857142857,0.7142857142857143,0.0,0.0
450.0,0,0,0,0.75,0.25,0.0,0.0,0.0,0.5833333333333334,0.4166666666666667
457.0,0,0,0,1.0,0,0.0,0.0,0.25,0.6730769230769231,0.07692307692307693
461.0,0,0,0.25,0.75,0,0.7708333333333334,0.22916666666666666,0.0,0.0,0.0
463.0,0,0.25,0.75,0,0,0.0,0.2857142857142857,0.7142857142857143,0.0,0.0
471.0,0.25,0.75,0,0,0,0.0,0.22916666666666666,0.7083333333333334,0.0625,0.0
474.0,0,0,0,0.25,0.75,0.0,0.0,0.0,0.5833333333333334,0.4166666666666667
477.0,0,1.0,0,0,0,0.0,0.22916666666666666,0.7083333333333334,0.0625,0.0
479.0,1.0,0,0,0,0,0.0,0.0,0.5,0.4791666666666667,0.020833333333333332
483.0,0,0,0,0,1.0,0.0,0.0,0.5,0.4791666666666667,0.020833333333333332
485.0,0,0,0,0.75,0.25,0.06666666666666667,0.05,0.4166666666666667,0.43333333333333335,0.03333333333333333
486.0,0,0,0,0.25,0.75,0.06666666666666667,0.05,0.4166666666666667,0.43333333333333335,0.03333333333333333
487.0,0,0,0,0,1.0,0.06666666666666667,0.05,0.4166666666666667,0.43333333333333335,0.03333333333333333
489.0,0,0.5,0.5,0,0,0.0,0.22916666666666666,0.7083333333333334,0.0625,0.0
493.0,0,0,1.0,0,0,0.0,0.22916666666666666,0.7083333333333334,0.0625,0.0
497.0,0,0,1.0,0,0,0.0,0.2857142857142857,0.7142857142857143,0.0,0.0
499.0,0,0,1.0,0,0,0.06666666666666667,0.05,0.4166666666666667,0.43333333333333335,0.03333333333333333
500.0,0,0,0.75,0.25,0,0.0,0.0,0.6805555555555556,0.3194444444444444,0.0
503.0,0,0.75,0.25,0,0,0.0,0.2857142857142857,0.7142857142857143,0.0,0.0
504.0,0,0.5,0.5,0,0,0.0,0.2857142857142857,0.7142857142857143,0.0,0.0
505.0,0,1.0,0,0,0,0.0,0.14583333333333334,0.7916666666666666,0.0625,0.0
513.0,0,0,0,0.25,0.75,0.0,0.0,0.5,0.4791666666666667,0.020833333333333332
516.0,0,0.5,0.5,0,0,0.0,0.22916666666666666,0.7083333333333334,0.0625,0.0
517.0,0,0,0.5,0.5,0,0.0,0.14583333333333334,0.7916666666666666,0.0625,0.0
518.0,0,0,1.0,0,0,0.0,0.2857142857142857,0.7142857142857143,0.0,0.0
520.0,0,0.25,0.75,0,0,0.0,0.0,0.25,0.6730769230769231,0.07692307692307693
521.0,0,0.5,0.5,0,0,0.0,0.2857142857142857,0.7142857142857143,0.0,0.0
522.0,0,0,0,1.0,0,0.0,0.22916666666666666,0.7083333333333334,0.0625,0.0
523.0,0,0,0.75,0.25,0,0.0,0.22916666666666666,0.7083333333333334,0.0625,0.0
526.0,1.0,0,0,0,0,0.6923076923076923,0.3076923076923077,0.0,0.0,0.0
528.0,1.0,0,0,0,0,0.0,0.0,0.5,0.4791666666666667,0.020833333333333332
532.0,0,0,0,0.5,0.5,0.06666666666666667,0.05,0.4166666666666667,0.43333333333333335,0.03333333333333333
534.0,0,0,1.0,0,0,0.0,0.2857142857142857,0.7142857142857143,0.0,0.0
547.0,0,0,0.75,0.25,0,0.0,0.22916666666666666,0.7083333333333334,0.0625,0.0
548.0,0,0,1.0,0,0,0.0,0.0,0.5,0.4791666666666667,0.020833333333333332
549.0,0,0.25,0.75,0,0,0.7708333333333334,0.22916666666666666,0.0,0.0,0.0
551.0,0,0,0,0.5,0.5,0.06666666666666667,0.05,0.4166666666666667,0.43333333333333335,0.03333333333333333
552.0,0,0,0.5,0.5,0,0.7708333333333334,0.22916666666666666,0.0,0.0,0.0
555.0,0,0.25,0.75,0,0,0.0,0.14583333333333334,0.7916666666666666,0.0625,0.0
561.0,0,0,1.0,0,0,0.0,0.0,0.25,0.6730769230769231,0.07692307692307693
564.0,0,0.25,0.75,0,0,0.0,0.14583333333333334,0.7916666666666666,0.0625,0.0
565.0,0,0,0,1.0,0,0.0,0.0,0.25,0.6730769230769231,0.07692307692307693
567.0,1.0,0,0,0,0,0.0,0.22916666666666666,0.7083333333333334,0.0625,0.0
568.0,0,0,0.25,0.75,0,0.0,0.0,0.5,0.4791666666666667,0.020833333333333332
573.0,0,0,0,1.0,0,0.06666666666666667,0.05,0.4166666666666667,0.43333333333333335,0.03333333333333333
577.0,0.25,0.75,0,0,0,0.7708333333333334,0.22916666666666666,0.0,0.0,0.0
578.0,0,0,0.75,0.25,0,0.7708333333333334,0.22916666666666666,0.0,0.0,0.0
579.0,1.0,0,0,0,0,0.7708333333333334,0.22916666666666666,0.0,0.0,0.0
580.0,0,0,0.5,0.5,0,0.0,0.0,0.5,0.4791666666666667,0.020833333333333332
585.0,0,0,0,0.75,0.25,0.0,0.0,0.0,0.5833333333333334,0.4166666666666667
590.0,0.5,0.5,0,0,0,0.0,0.22916666666666666,0.7083333333333334,0.0625,0.0
595.0,0,0,0,1.0,0,0.0,0.0,0.0,0.5833333333333334,0.4166666666666667
596.0,0,0,0,0.5,0.5,0.0,0.0,0.0,0.5833333333333334,0.4166666666666667
597.0,0,1.0,0,0,0,0.7708333333333334,0.22916666666666666,0.0,0.0,0.0
600.0,0.75,0.25,0,0,0,0.0,0.22916666666666666,0.7083333333333334,0.0625,0.0
601.0,0.25,0.75,0,0,0,0.0,0.2857142857142857,0.7142857142857143,0.0,0.0
602.0,0,0,0,0.75,0.25,0.0,0.0,0.25,0.6730769230769231,0.07692307692307693
603.0,0,0,0.75,0.25,0,0.7708333333333334,0.22916666666666666,0.0,0.0,0.0
604.0,0.5,0.5,0,0,0,0.7708333333333334,0.22916666666666666,0.0,0.0,0.0
607.0,0,0.5,0.5,0,0,0.0,0.22916666666666666,0.7083333333333334,0.0625,0.0
609.0,0,0,0.75,0.25,0,0.0,0.22916666666666666,0.7083333333333334,0.0625,0.0
622.0,0,0.5,0.5,0,0,0.0,0.2857142857142857,0.7142857142857143,0.0,0.0
626.0,0.5,0.5,0,0,0,0.7708333333333334,0.22916666666666666,0.0,0.0,0.0
628.0,0.5,0.5,0,0,0,0.0,0.14583333333333334,0.7916666666666666,0.0625,0.0
629.0,0.25,0.75,0,0,0,0.16666666666666666,0.4375,0.3958333333333333,0.0,0.0
634.0,0,0,0.75,0.25,0,0.0,0.14583333333333334,0.7916666666666666,0.0625,0.0
635.0,0,0.25,0.75,0,0,0.0,0.2857142857142857,0.7142857142857143,0.0,0.0
637.0,0,0,0,0.75,0.25,0.7708333333333334,0.22916666666666666,0.0,0.0,0.0
638.0,0,0,0.5,0.5,0,0.0,0.0,0.5,0.4791666666666667,0.020833333333333332
639.0,0,0.5,0.5,0,0,0.0,0.2857142857142857,0.7142857142857143,0.0,0.0
642.0,0,0,0.75,0.25,0,0.0,0.14583333333333334,0.7916666666666666,0.0625,0.0
643.0,1.0,0,0,0,0,0.0,0.14583333333333334,0.7916666666666666,0.0625,0.0
647.0,0,0,0.5,0.5,0,0.0,0.0,0.25,0.6730769230769231,0.07692307692307693
649.0,0,0,0,0.25,0.75,0.0,0.0,0.0,0.5833333333333334,0.4166666666666667
650.0,1.0,0,0,0,0,0.4444444444444444,0.5,0.013888888888888888,0.041666666666666664,0.0
651.0,1.0,0,0,0,0,0.0,0.14583333333333334,0.7916666666666666,0.0625,0.0
652.0,0,0,1.0,0,0,0.7708333333333334,0.22916666666666666,0.0,0.0,0.0
654.0,0,0.25,0.75,0,0,0.0,0.22916666666666666,0.7083333333333334,0.0625,0.0
655.0,1.0,0,0,0,0,0.7708333333333334,0.22916666666666666,0.0,0.0,0.0
656.0,0,0,1.0,0,0,0.06666666666666667,0.05,0.4166666666666667,0.43333333333333335,0.03333333333333333
657.0,0,0,0.5,0.5,0,0.0,0.0,0.25,0.6730769230769231,0.07692307692307693
659.0,0,1.0,0,0,0,0.0,0.0,0.25,0.6730769230769231,0.07692307692307693
661.0,0,0,0,0.75,0.25,0.0,0.0,0.25,0.6730769230769231,0.07692307692307693
662.0,0,0.25,0.75,0,0,0.06666666666666667,0.05,0.4166666666666667,0.43333333333333335,0.03333333333333333
663.0,0.75,0.25,0,0,0,0.0,0.14583333333333334,0.7916666666666666,0.0625,0.0
664.0,0,0.25,0.75,0,0,0.0,0.14583333333333334,0.7916666666666666,0.0625,0.0
665.0,0,0,0,0.5,0.5,0.06666666666666667,0.05,0.4166666666666667,0.43333333333333335,0.03333333333333333
666.0,0,0.75,0.25,0,0,0.0,0.2857142857142857,0.7142857142857143,0.0,0.0
667.0,0.25,0.75,0,0,0,0.7708333333333334,0.22916666666666666,0.0,0.0,0.0
668.0,0,0.75,0.25,0,0,0.0,0.14583333333333334,0.7916666666666666,0.0625,0.0
678.0,0,0,0.75,0.25,0,0.0,0.0,0.5,0.4791666666666667,0.020833333333333332
679.0,0,0,0.25,0.75,0,0.0,0.0,0.0,0.5833333333333334,0.4166666666666667
682.0,1.0,0,0,0,0,0.7708333333333334,0.22916666666666666,0.0,0.0,0.0
684.0,0,0.25,0.75,0,0,0.0,0.22916666666666666,0.7083333333333334,0.0625,0.0
685.0,0,0,0.5,0.5,0,0.0,0.0,0.0,0.5833333333333334,0.4166666666666667
694.0,0,0,0.75,0.25,0,0.0,0.14583333333333334,0.7916666666666666,0.0625,0.0
695.0,0,0.25,0.75,0,0,0.0,0.14583333333333334,0.7916666666666666,0.0625,0.0
702.0,0,0,0,1.0,0,0.0,0.0,0.25,0.6730769230769231,0.07692307692307693
703.0,0,0,0,0.75,0.25,0.0,0.0,0.25,0.6730769230769231,0.07692307692307693
705.0,0,1.0,0,0,0,0.0,0.14583333333333334,0.7916666666666666,0.0625,0.0
708.0,0,0.25,0.75,0,0,0.0,0.14583333333333334,0.7916666666666666,0.0625,0.0
711.0,0,0.25,0.75,0,0,0.0,0.2857142857142857,0.7142857142857143,0.0,0.0
712.0,0,0,0,0.75,0.25,0.06666666666666667,0.05,0.4166666666666667,0.43333333333333335,0.03333333333333333
714.0,0,0.5,0.5,0,0,0.0,0.2857142857142857,0.7142857142857143,0.0,0.0
715.0,0,0,1.0,0,0,0.0,0.14583333333333334,0.7916666666666666,0.0625,0.0
717.0,0.5,0.5,0,0,0,0.0,0.2857142857142857,0.7142857142857143,0.0,0.0
720.0,1.0,0,0,0,0,0.0,0.14583333333333334,0.7916666666666666,0.0625,0.0
721.0,0.5,0.5,0,0,0,0.7708333333333334,0.22916666666666666,0.0,0.0,0.0
725.0,0,1.0,0,0,0,0.7708333333333334,0.22916666666666666,0.0,0.0,0.0
726.0,0,0.75,0.25,0,0,0.0,0.22916666666666666,0.7083333333333334,0.0625,0.0
727.0,0,0,0.25,0.75,0,0.0,0.0,0.25,0.6730769230769231,0.07692307692307693
728.0,0,0,0.75,0.25,0,0.0,0.14583333333333334,0.7916666666666666,0.0625,0.0
729.0,0,0,1.0,0,0,0.7708333333333334,0.22916666666666666,0.0,0.0,0.0
732.0,0,0,0,0.5,0.5,0.0,0.0,0.0,0.5833333333333334,0.4166666666666667
733.0,0,0.5,0.5,0,0,0.0,0.22916666666666666,0.7083333333333334,0.0625,0.0
734.0,0,0,0,0.25,0.75,0.0,0.0,0.25,0.6730769230769231,0.07692307692307693
735.0,0,0,1.0,0,0,0.0,0.0,0.25,0.6730769230769231,0.07692307692307693
743.0,0,0,0.5,0.5,0,0.7708333333333334,0.22916666666666666,0.0,0.0,0.0
744.0,0,0,0.5,0.5,0,0.7708333333333334,0.22916666666666666,0.0,0.0,0.0
745.0,0,0,0,0.5,0.5,0.0,0.0,0.25,0.6730769230769231,0.07692307692307693
746.0,0,0,1.0,0,0,0.7708333333333334,0.22916666666666666,0.0,0.0,0.0
748.0,0,0.25,0.75,0,0,0.0,0.2857142857142857,0.7142857142857143,0.0,0.0
750.0,0,0.5,0.5,0,0,0.0,0.2857142857142857,0.7142857142857143,0.0,0.0
752.0,0,0,0,1.0,0,0.0,0.0,0.5,0.4791666666666667,0.020833333333333332
753.0,0,0.25,0.75,0,0,0.0,0.2857142857142857,0.7142857142857143,0.0,0.0
756.0,0,0,0,0.75,0.25,0.0,0.0,0.5,0.4791666666666667,0.020833333333333332
757.0,0.25,0.75,0,0,0,0.4444444444444444,0.5,0.013888888888888888,0.041666666666666664,0.0
759.0,0,0,0.75,0.25,0,0.06666666666666667,0.05,0.4166666666666667,0.43333333333333335,0.03333333333333333
760.0,0,0,0,0.5,0.5,0.0,0.0,0.5,0.4791666666666667,0.020833333333333332
761.0,0,0.25,0.75,0,0,0.7708333333333334,0.22916666666666666,0.0,0.0,0.0
763.0,0,0,0,0.5,0.5,0.0,0.0,0.5,0.4791666666666667,0.020833333333333332
765.0,0,0.5,0.5,0,0,0.0,0.2857142857142857,0.7142857142857143,0.0,0.0
766.0,0,0,0,0.75,0.25,0.06666666666666667,0.05,0.4166666666666667,0.43333333333333335,0.03333333333333333
767.0,0,0.25,0.75,0,0,0.0,0.22916666666666666,0.7083333333333334,0.0625,0.0
781.0,0.25,0.75,0,0,0,0.16666666666666666,0.4375,0.3958333333333333,0.0,0.0
784.0,0,0,0.5,0.5,0,0.06666666666666667,0.05,0.4166666666666667,0.43333333333333335,0.03333333333333333
786.0,0,1.0,0,0,0,0.7708333333333334,0.22916666666666666,0.0,0.0,0.0
787.0,0,0.5,0.5,0,0,0.0,0.22916666666666666,0.7083333333333334,0.0625,0.0
788.0,0,0,1.0,0,0,0.0,0.2857142857142857,0.7142857142857143,0.0,0.0
793.0,0,0.25,0.75,0,0,0.0,0.14583333333333334,0.7916666666666666,0.0625,0.0
797.0,0,1.0,0,0,0,0.7708333333333334,0.22916666666666666,0.0,0.0,0.0
798.0,0,0,0.75,0.25,0,0.0,0.22916666666666666,0.7083333333333334,0.0625,0.0
806.0,0,0,1.0,0,0,0.0,0.22916666666666666,0.7083333333333334,0.0625,0.0
815.0,1.0,0,0,0,0,0.0,0.22916666666666666,0.7083333333333334,0.0625,0.0
817.0,0,0,1.0,0,0,0.0,0.0,0.5,0.4791666666666667,0.020833333333333332
821.0,0,0,0.25,0.75,0,0.0,0.0,0.25,0.6730769230769231,0.07692307692307693
822.0,0,0,0.75,0.25,0,0.0,0.0,0.25,0.6730769230769231,0.07692307692307693
828.0,0,0,0.5,0.5,0,0.0,0.0,0.5,0.4791666666666667,0.020833333333333332
829.0,0,1.0,0,0,0,0.16666666666666666,0.4375,0.3958333333333333,0.0,0.0
832.0,0,0,0.5,0.5,0,0.0,0.2857142857142857,0.7142857142857143,0.0,0.0
835.0,0,0.5,0.5,0,0,0.0,0.2857142857142857,0.7142857142857143,0.0,0.0
839.0,0,0,0,0.75,0.25,0.0,0.0,0.0,0.5833333333333334,0.4166666666666667
845.0,1.0,0,0,0,0,0.0,0.14583333333333334,0.7916666666666666,0.0625,0.0
853.0,0,0,0.25,0.75,0,0.06666666666666667,0.05,0.4166666666666667,0.43333333333333335,0.03333333333333333
866.0,0,0,0.75,0.25,0,0.0,0.14583333333333334,0.7916666666666666,0.0625,0.0
868.0,0,0,0,0.25,0.75,0.0,0.0,0.5,0.4791666666666667,0.020833333333333332
875.0,0,0,0.5,0.5,0,0.06666666666666667,0.05,0.4166666666666667,0.43333333333333335,0.03333333333333333
877.0,0,0,0,0.5,0.5,0.0,0.0,0.25,0.6730769230769231,0.07692307692307693
878.0,0,0,0,1.0,0,0.7708333333333334,0.22916666666666666,0.0,0.0,0.0
880.0,0.5,0.5,0,0,0,0.0,0.0,0.5,0.4791666666666667,0.020833333333333332
881.0,0,0.75,0.25,0,0,0.0,0.14583333333333334,0.7916666666666666,0.0625,0.0
888.0,1.0,0,0,0,0,0.7708333333333334,0.22916666666666666,0.0,0.0,0.0
890.0,0,0,0,0.75,0.25,0.0,0.0,0.5,0.4791666666666667,0.020833333333333332
894.0,1.0,0,0,0,0,0.7708333333333334,0.22916666666666666,0.0,0.0,0.0
895.0,0,0,0,0.75,0.25,0.0,0.0,0.5,0.4791666666666667,0.020833333333333332
899.0,0,0,0,1.0,0,0.06666666666666667,0.05,0.4166666666666667,0.43333333333333335,0.03333333333333333
901.0,0,0,0.25,0.75,0,0.0,0.0,0.25,0.6730769230769231,0.07692307692307693
907.0,0,0,1.0,0,0,0.0,0.14583333333333334,0.7916666666666666,0.0625,0.0
912.0,0.5,0.5,0,0,0,0.0,0.0,0.5,0.4791666666666667,0.020833333333333332
914.0,0,0.5,0.5,0,0,0.0,0.2857142857142857,0.7142857142857143,0.0,0.0
915.0,0,0,0.75,0.25,0,0.0,0.2857142857142857,0.7142857142857143,0.0,0.0
916.0,0,0,1.0,0,0,0.0,0.0,0.5,0.4791666666666667,0.020833333333333332
921.0,0,0.5,0.5,0,0,0.0,0.22916666666666666,0.7083333333333334,0.0625,0.0
922.0,0,0,0,0.25,0.75,0.0,0.0,0.0,0.5833333333333334,0.4166666666666667
929.0,0,0,0,0.75,0.25,0.0,0.0,0.0,0.5833333333333334,0.4166666666666667
930.0,0.5,0.5,0,0,0,0.7708333333333334,0.22916666666666666,0.0,0.0,0.0
931.0,1.0,0,0,0,0,0.7708333333333334,0.22916666666666666,0.0,0.0,0.0
936.0,0,0.25,0.75,0,0,0.06666666666666667,0.05,0.4166666666666667,0.43333333333333335,0.03333333333333333
937.0,0,0,0.5,0.5,0,0.0,0.22916666666666666,0.7083333333333334,0.0625,0.0
942.0,0,1.0,0,0,0,0.0,0.2857142857142857,0.7142857142857143,0.0,0.0
943.0,0,0,0.75,0.25,0,0.0,0.0,0.0,0.5833333333333334,0.4166666666666667
944.0,1.0,0,0,0,0,0.7708333333333334,0.22916666666666666,0.0,0.0,0.0
945.0,0.5,0.5,0,0,0,0.0,0.2857142857142857,0.7142857142857143,0.0,0.0
946.0,0,0,0,1.0,0,0.0,0.0,0.5,0.4791666666666667,0.020833333333333332
948.0,0,0,1.0,0,0,0.0,0.14583333333333334,0.7916666666666666,0.0625,0.0
952.0,0,0.5,0.5,0,0,0.0,0.2857142857142857,0.7142857142857143,0.0,0.0
958.0,0,0.5,0.5,0,0,0.0,0.14583333333333334,0.7916666666666666,0.0625,0.0
959.0,1.0,0,0,0,0,0.0,0.2857142857142857,0.7142857142857143,0.0,0.0
960.0,0,0.75,0.25,0,0,0.0,0.22916666666666666,0.7083333333333334,0.0625,0.0
963.0,0,0.25,0.75,0,0,0.0,0.0,0.25,0.6730769230769231,0.07692307692307693
967.0,0,0,0,0.25,0.75,0.0,0.0,0.5,0.4791666666666667,0.020833333333333332
968.0,0,0,0.5,0.5,0,0.06666666666666667,0.05,0.4166666666666667,0.43333333333333335,0.03333333333333333
969.0,0,0,0.75,0.25,0,0.06666666666666667,0.05,0.4166666666666667,0.43333333333333335,0.03333333333333333
971.0,1.0,0,0,0,0,0.7708333333333334,0.22916666666666666,0.0,0.0,0.0
972.0,0,0,0,0.5,0.5,0.06666666666666667,0.05,0.4166666666666667,0.43333333333333335,0.03333333333333333
978.0,0,0,0.5,0.5,0,0.7708333333333334,0.22916666666666666,0.0,0.0,0.0
982.0,0,0,0,1.0,0,0.06666666666666667,0.05,0.4166666666666667,0.43333333333333335,0.03333333333333333
983.0,0,0.5,0.5,0,0,0.0,0.14583333333333334,0.7916666666666666,0.0625,0.0
986.0,0.25,0.75,0,0,0,0.7708333333333334,0.22916666666666666,0.0,0.0,0.0
995.0,1.0,0,0,0,0,0.0,0.0,0.5,0.4791666666666667,0.020833333333333332
996.0,1.0,0,0,0,0,0.0,0.14583333333333334,0.7916666666666666,0.0625,0.0
997.0,0,0,0,0.25,0.75,0.0,0.0,0.5,0.4791666666666667,0.020833333333333332
998.0,0,0,1.0,0,0,0.0,0.0,0.5,0.4791666666666667,0.020833333333333332
999.0,0,0,0,0.75,0.25,0.0,0.0,0.25,0.6730769230769231,0.07692307692307693
1002.0,0,0,0.5,0.5,0,0.0,0.14583333333333334,0.7916666666666666,0.0625,0.0
1005.0,0,0,0,0.75,0.25,0.0,0.0,0.25,0.6730769230769231,0.07692307692307693
1007.0,0,1.0,0,0,0,0.0,0.14583333333333334,0.7916666666666666,0.0625,0.0
1022.0,0,0,0.25,0.75,0,0.0,0.0,0.25,0.6730769230769231,0.07692307692307693
1023.0,0,0.5,0.5,0,0,0.0,0.2857142857142857,0.7142857142857143,0.0,0.0
1025.0,0,0,0,0.75,0.25,0.06666666666666667,0.05,0.4166666666666667,0.43333333333333335,0.03333333333333333
1039.0,0,0,0.5,0.5,0,0.0,0.0,0.0,0.5833333333333334,0.4166666666666667
1042.0,0,0.75,0.25,0,0,0.0,0.14583333333333334,0.7916666666666666,0.0625,0.0
1043.0,0,0,0.75,0.25,0,0.0,0.14583333333333334,0.7916666666666666,0.0625,0.0
1050.0,0.25,0.75,0,0,0,0.06666666666666667,0.05,0.4166666666666667,0.43333333333333335,0.03333333333333333
1051.0,0,0,0.5,0.5,0,0.0,0.0,0.5,0.4791666666666667,0.020833333333333332
1052.0,0,0.5,0.5,0,0,0.0,0.22916666666666666,0.7083333333333334,0.0625,0.0
1058.0,0,0.25,0.75,0,0,0.0,0.0,0.5,0.4791666666666667,0.020833333333333332
1063.0,0,0.5,0.5,0,0,0.0,0.22916666666666666,0.7083333333333334,0.0625,0.0
1065.0,0,0.5,0.5,0,0,0.0,0.14583333333333334,0.7916666666666666,0.0625,0.0
1066.0,0,0,0,0.25,0.75,0.06666666666666667,0.05,0.4166666666666667,0.43333333333333335,0.03333333333333333
1069.0,0,0,1.0,0,0,0.0,0.2857142857142857,0.7142857142857143,0.0,0.0
1070.0,1.0,0,0,0,0,0.7708333333333334,0.22916666666666666,0.0,0.0,0.0
1073.0,0,0.75,0.25,0,0,0.0,0.22916666666666666,0.7083333333333334,0.0625,0.0
1081.0,1.0,0,0,0,0,0.7708333333333334,0.22916666666666666,0.0,0.0,0.0
1090.0,0,0.25,0.75,0,0,0.0,0.2857142857142857,0.7142857142857143,0.0,0.0
1091.0,0,0,0.75,0.25,0,0.7708333333333334,0.22916666666666666,0.0,0.0,0.0
1092.0,0,0.25,0.75,0,0,0.0,0.22916666666666666,0.7083333333333334,0.0625,0.0
1098.0,1.0,0,0,0,0,0.7708333333333334,0.22916666666666666,0.0,0.0,0.0
1102.0,0,0.25,0.75,0,0,0.0,0.22916666666666666,0.7083333333333334,0.0625,0.0
1103.0,0,0.25,0.75,0,0,0.0,0.0,0.6805555555555556,0.3194444444444444,0.0
1109.0,0,0,0.75,0.25,0,0.0,0.0,0.6805555555555556,0.3194444444444444,0.0
1110.0,0,0,0.25,0.75,0,0.0,0.0,0.0,0.5833333333333334,0.4166666666666667
1114.0,1.0,0,0,0,0,0.0,0.0,0.5,0.4791666666666667,0.020833333333333332
1117.0,0.25,0.75,0,0,0,0.16666666666666666,0.4375,0.3958333333333333,0.0,0.0
1120.0,0.5,0.5,0,0,0,0.0,0.14583333333333334,0.7916666666666666,0.0625,0.0
1122.0,0,0.5,0.5,0,0,0.0,0.0,0.6805555555555556,0.3194444444444444,0.0
1125.0,0,0,0.75,0.25,0,0.0,0.0,0.25,0.6730769230769231,0.07692307692307693
1126.0,0,0.25,0.75,0,0,0.0,0.22916666666666666,0.7083333333333334,0.0625,0.0
1127.0,0,0,0.75,0.25,0,0.7708333333333334,0.22916666666666666,0.0,0.0,0.0
1129.0,0,0,1.0,0,0,0.0,0.0,0.25,0.6730769230769231,0.07692307692307693
1138.0,0,0,0,0.5,0.5,0.06666666666666667,0.05,0.4166666666666667,0.43333333333333335,0.03333333333333333
1139.0,0,0,0.5,0.5,0,0.0,0.14583333333333334,0.7916666666666666,0.0625,0.0
1140.0,0,0,1.0,0,0,0.0,0.2857142857142857,0.7142857142857143,0.0,0.0
1143.0,0,0,0.5,0.5,0,0.0,0.2857142857142857,0.7142857142857143,0.0,0.0
1144.0,0,0,0,0,1.0,0.0,0.0,0.25,0.6730769230769231,0.07692307692307693
1146.0,0,0,0.25,0.75,0,0.06666666666666667,0.05,0.4166666666666667,0.43333333333333335,0.03333333333333333
1147.0,0,0,0,0.5,0.5,0.0,0.0,0.0,0.5833333333333334,0.4166666666666667
1149.0,0,0,0,0.75,0.25,0.0,0.0,0.5,0.4791666666666667,0.020833333333333332
1155.0,0,0,0.25,0.75,0,0.0,0.22916666666666666,0.7083333333333334,0.0625,0.0
1160.0,0,0,0,0.75,0.25,0.0,0.0,0.5,0.4791666666666667,0.020833333333333332
1162.0,1.0,0,0,0,0,0.7708333333333334,0.22916666666666666,0.0,0.0,0.0
1165.0,0,0.5,0.5,0,0,0.06666666666666667,0.05,0.4166666666666667,0.43333333333333335,0.03333333333333333
1166.0,1.0,0,0,0,0,0.7708333333333334,0.22916666666666666,0.0,0.0,0.0
1167.0,0,0,0,0.25,0.75,0.0,0.0,0.25,0.6730769230769231,0.07692307692307693
1168.0,0,0.5,0.5,0,0,0.0,0.22916666666666666,0.7083333333333334,0.0625,0.0
1169.0,0,0,0,0.5,0.5,0.0,0.0,0.5,0.4791666666666667,0.020833333333333332
1174.0,0,0.25,0.75,0,0,0.0,0.2857142857142857,0.7142857142857143,0.0,0.0
1175.0,0,0,0,0,1.0,0.0,0.0,0.0,0.5833333333333334,0.4166666666666667
1178.0,0,0,0,1.0,0,0.0,0.0,0.25,0.6730769230769231,0.07692307692307693
1180.0,0.25,0.75,0,0,0,0.7708333333333334,0.22916666666666666,0.0,0.0,0.0
1181.0,0,0.25,0.75,0,0,0.0,0.2857142857142857,0.7142857142857143,0.0,0.0
1182.0,0,0,0,0,1.0,0.06666666666666667,0.05,0.4166666666666667,0.43333333333333335,0.03333333333333333
1187.0,0,0,0,0.75,0.25,0.0,0.0,0.5,0.4791666666666667,0.020833333333333332
1188.0,0,0,0,0.75,0.25,0.06666666666666667,0.05,0.4166666666666667,0.43333333333333335,0.03333333333333333
1189.0,0,0,0,1.0,0,0.06666666666666667,0.05,0.4166666666666667,0.43333333333333335,0.03333333333333333
1203.0,0,0.75,0.25,0,0,0.0,0.14583333333333334,0.7916666666666666,0.0625,0.0
1204.0,0,0,0,0.5,0.5,0.06666666666666667,0.05,0.4166666666666667,0.43333333333333335,0.03333333333333333
1209.0,0,0,0,1.0,0,0.06666666666666667,0.05,0.4166666666666667,0.43333333333333335,0.03333333333333333
1210.0,0.75,0.25,0,0,0,0.0,0.14583333333333334,0.7916666666666666,0.0625,0.0
1212.0,0,0.25,0.75,0,0,0.0,0.2857142857142857,0.7142857142857143,0.0,0.0
1213.0,0,0,1.0,0,0,0.7708333333333334,0.22916666666666666,0.0,0.0,0.0
1224.0,0,0,1.0,0,0,0.0,0.2857142857142857,0.7142857142857143,0.0,0.0
1228.0,0,0,0.75,0.25,0,0.0,0.0,0.6805555555555556,0.3194444444444444,0.0
1232.0,0.25,0.75,0,0,0,0.16666666666666666,0.4375,0.3958333333333333,0.0,0.0
1236.0,0,0,0.75,0.25,0,0.0,0.2857142857142857,0.7142857142857143,0.0,0.0
1237.0,0,0.25,0.75,0,0,0.0,0.2857142857142857,0.7142857142857143,0.0,0.0
1247.0,0,0,0,0.5,0.5,0.06666666666666667,0.05,0.4166666666666667,0.43333333333333335,0.03333333333333333
1248.0,0,0.25,0.75,0,0,0.0,0.2857142857142857,0.7142857142857143,0.0,0.0
1251.0,0,0.25,0.75,0,0,0.0,0.22916666666666666,0.7083333333333334,0.0625,0.0
1252.0,0,0,1.0,0,0,0.0,0.0,0.25,0.6730769230769231,0.07692307692307693
1253.0,0.25,0.75,0,0,0,0.0,0.0,0.5,0.4791666666666667,0.020833333333333332
1264.0,0,0.25,0.75,0,0,0.0,0.22916666666666666,0.7083333333333334,0.0625,0.0
1269.0,0,0,0,0.75,0.25,0.0,0.0,0.25,0.6730769230769231,0.07692307692307693
1270.0,0,0.5,0.5,0,0,0.0,0.2857142857142857,0.7142857142857143,0.0,0.0
1273.0,0,0,0,0.5,0.5,0.0,0.0,0.25,0.6730769230769231,0.07692307692307693
1275.0,1.0,0,0,0,0,0.0,0.14583333333333334,0.7916666666666666,0.0625,0.0
1279.0,0,0,0,1.0,0,0.0,0.0,0.25,0.6730769230769231,0.07692307692307693
1281.0,0,0.25,0.75,0,0,0.0,0.22916666666666666,0.7083333333333334,0.0625,0.0
1289.0,0,0,0.5,0.5,0,0.06666666666666667,0.05,0.4166666666666667,0.43333333333333335,0.03333333333333333
1292.0,0.5,0.5,0,0,0,0.7708333333333334,0.22916666666666666,0.0,0.0,0.0
1293.0,0,0.25,0.75,0,0,0.0,0.2857142857142857,0.7142857142857143,0.0,0.0
1294.0,0,0,0,0.75,0.25,0.0,0.0,0.25,0.6730769230769231,0.07692307692307693
1300.0,0,0.5,0.5,0,0,0.0,0.14583333333333334,0.7916666666666666,0.0625,0.0
1301.0,0,0,0,0.5,0.5,0.0,0.0,0.25,0.6730769230769231,0.07692307692307693
1304.0,0,0,1.0,0,0,0.0,0.36538461538461536,0.6153846153846154,0.019230769230769232,0.0
1306.0,0,0.25,0.75,0,0,0.0,0.2857142857142857,0.7142857142857143,0.0,0.0
1311.0,0,0,0.75,0.25,0,0.0,0.0,0.25,0.6730769230769231,0.07692307692307693
1320.0,0,0.5,0.5,0,0,0.0,0.22916666666666666,0.7083333333333334,0.0625,0.0
1324.0,1.0,0,0,0,0,0.0,0.22916666666666666,0.7083333333333334,0.0625,0.0
1334.0,0,0,0.75,0.25,0,0.0,0.0,0.5,0.4791666666666667,0.020833333333333332
1335.0,0,0.25,0.75,0,0,0.0,0.2857142857142857,0.7142857142857143,0.0,0.0
1336.0,0,0,0,0.25,0.75,0.0,0.0,0.25,0.6730769230769231,0.07692307692307693
1340.0,0,0.75,0.25,0,0,0.0,0.22916666666666666,0.7083333333333334,0.0625,0.0
1343.0,0,0,1.0,0,0,0.0,0.2857142857142857,0.7142857142857143,0.0,0.0
1345.0,0,0,0,1.0,0,0.0,0.0,0.25,0.6730769230769231,0.07692307692307693
1352.0,0,0,0,1.0,0,0.0,0.0,0.25,0.6730769230769231,0.07692307692307693
1353.0,0,0.25,0.75,0,0,0.0,0.14583333333333334,0.7916666666666666,0.0625,0.0
1365.0,0,0,0.75,0.25,0,0.0,0.14583333333333334,0.7916666666666666,0.0625,0.0
1370.0,0.25,0.75,0,0,0,0.7708333333333334,0.22916666666666666,0.0,0.0,0.0
1375.0,0,0,0,1.0,0,0.0,0.0,0.5,0.4791666666666667,0.020833333333333332
1378.0,0,0,0.5,0.5,0,0.0,0.0,0.0,0.5833333333333334,0.4166666666666667
1379.0,0,0,0,1.0,0,0.7708333333333334,0.22916666666666666,0.0,0.0,0.0
1383.0,0,0,0.5,0.5,0,0.0,0.0,0.0,0.5833333333333334,0.4166666666666667
1389.0,0,0.25,0.75,0,0,0.0,0.2857142857142857,0.7142857142857143,0.0,0.0
1393.0,0,0,0.25,0.75,0,0.0,0.0,0.5,0.4791666666666667,0.020833333333333332
1394.0,0,0,0,0.75,0.25,0.7708333333333334,0.22916666666666666,0.0,0.0,0.0
1395.0,1.0,0,0,0,0,0.7708333333333334,0.22916666666666666,0.0,0.0,0.0
1399.0,1.0,0,0,0,0,0.7708333333333334,0.22916666666666666,0.0,0.0,0.0
1403.0,0,0.75,0.25,0,0,0.0,0.14583333333333334,0.7916666666666666,0.0625,0.0
1405.0,0,0,0,0,1.0,0.0,0.0,0.0,0.5833333333333334,0.4166666666666667
1409.0,0,0,1.0,0,0,0.0,0.0,0.6805555555555556,0.3194444444444444,0.0
1413.0,0.25,0.75,0,0,0,0.7708333333333334,0.22916666666666666,0.0,0.0,0.0
1418.0,0,0,0,0.25,0.75,0.0,0.0,0.0,0.5833333333333334,0.4166666666666667
1422.0,0,0,0,0.5,0.5,0.06666666666666667,0.05,0.4166666666666667,0.43333333333333335,0.03333333333333333
1427.0,0,0,0,0.75,0.25,0.06666666666666667,0.05,0.4166666666666667,0.43333333333333335,0.03333333333333333
1428.0,0,0,0,0.75,0.25,0.06666666666666667,0.05,0.4166666666666667,0.43333333333333335,0.03333333333333333
1431.0,0,0.75,0.25,0,0,0.0,0.22916666666666666,0.7083333333333334,0.0625,0.0
1435.0,0.25,0.75,0,0,0,0.7708333333333334,0.22916666666666666,0.0,0.0,0.0
1436.0,0.75,0.25,0,0,0,0.7708333333333334,0.22916666666666666,0.0,0.0,0.0
1437.0,0,0,0,0.5,0.5,0.0,0.0,0.5,0.4791666666666667,0.020833333333333332
1438.0,0,0,1.0,0,0,0.0,0.14583333333333334,0.7916666666666666,0.0625,0.0
1439.0,0,0,0.25,0.75,0,0.0,0.0,0.25,0.6730769230769231,0.07692307692307693
1441.0,0,0,0,1.0,0,0.0,0.0,0.0,0.5833333333333334,0.4166666666666667
1447.0,0,0,1.0,0,0,0.7708333333333334,0.22916666666666666,0.0,0.0,0.0
1448.0,0,0,0,0.75,0.25,0.0,0.0,0.25,0.6730769230769231,0.07692307692307693
1454.0,0,1.0,0,0,0,0.0,0.22916666666666666,0.7083333333333334,0.0625,0.0
1457.0,0,0,0,1.0,0,0.0,0.0,0.25,0.6730769230769231,0.07692307692307693
1462.0,0,0.5,0.5,0,0,0.7708333333333334,0.22916666666666666,0.0,0.0,0.0
1463.0,0,0,1.0,0,0,0.7708333333333334,0.22916666666666666,0.0,0.0,0.0
1464.0,0,0.5,0.5,0,0,0.0,0.2857142857142857,0.7142857142857143,0.0,0.0
1465.0,0,0,0,0.75,0.25,0.0,0.0,0.25,0.6730769230769231,0.07692307692307693
1467.0,0,0,0.5,0.5,0,0.0,0.0,0.5,0.4791666666666667,0.020833333333333332
1470.0,0,0,0,1.0,0,0.0,0.0,0.6805555555555556,0.3194444444444444,0.0
1471.0,0,0.75,0.25,0,0,0.0,0.22916666666666666,0.7083333333333334,0.0625,0.0
1472.0,0,0.5,0.5,0,0,0.0,0.2857142857142857,0.7142857142857143,0.0,0.0
1475.0,0,0,0.25,0.75,0,0.7708333333333334,0.22916666666666666,0.0,0.0,0.0
1476.0,0,0.5,0.5,0,0,0.0,0.22916666666666666,0.7083333333333334,0.0625,0.0
1486.0,0,0,1.0,0,0,0.7708333333333334,0.22916666666666666,0.0,0.0,0.0
1490.0,0,0.25,0.75,0,0,0.0,0.14583333333333334,0.7916666666666666,0.0625,0.0
1491.0,0,0.75,0.25,0,0,0.0,0.22916666666666666,0.7083333333333334,0.0625,0.0
1496.0,0,0,1.0,0,0,0.0,0.22916666666666666,0.7083333333333334,0.0625,0.0
1497.0,0,0,0,1.0,0,0.0,0.0,0.5,0.4791666666666667,0.020833333333333332
1498.0,0,0,0,1.0,0,0.0,0.0,0.25,0.6730769230769231,0.07692307692307693
1511.0,0,0,0,1.0,0,0.7708333333333334,0.22916666666666666,0.0,0.0,0.0
1512.0,1.0,0,0,0,0,0.0,0.0,0.5,0.4791666666666667,0.020833333333333332
1532.0,0,0.25,0.75,0,0,0.7708333333333334,0.22916666666666666,0.0,0.0,0.0
1533.0,0,0.75,0.25,0,0,0.0,0.14583333333333334,0.7916666666666666,0.0625,0.0
1537.0,0,0,1.0,0,0,0.0,0.2857142857142857,0.7142857142857143,0.0,0.0
1545.0,0.25,0.75,0,0,0,0.7708333333333334,0.22916666666666666,0.0,0.0,0.0
1547.0,0,0,0.75,0.25,0,0.7708333333333334,0.22916666666666666,0.0,0.0,0.0
1551.0,0,0,0,0.75,0.25,0.06666666666666667,0.05,0.4166666666666667,0.43333333333333335,0.03333333333333333
1554.0,0.25,0.75,0,0,0,0.0,0.0,0.5,0.4791666666666667,0.020833333333333332
1555.0,1.0,0,0,0,0,0.7708333333333334,0.22916666666666666,0.0,0.0,0.0
1558.0,0,0.75,0.25,0,0,0.0,0.22916666666666666,0.7083333333333334,0.0625,0.0
1561.0,0,0.75,0.25,0,0,0.7708333333333334,0.22916666666666666,0.0,0.0,0.0
1563.0,1.0,0,0,0,0,0.0,0.14583333333333334,0.7916666666666666,0.0625,0.0
1567.0,0,0,1.0,0,0,0.0,0.14583333333333334,0.7916666666666666,0.0625,0.0
1568.0,0,0.75,0.25,0,0,0.0,0.14583333333333334,0.7916666666666666,0.0625,0.0
1571.0,0,0,0,0.25,0.75,0.0,0.0,0.5,0.4791666666666667,0.020833333333333332
1572.0,1.0,0,0,0,0,0.0,0.14583333333333334,0.7916666666666666,0.0625,0.0
1573.0,1.0,0,0,0,0,0.0,0.22916666666666666,0.7083333333333334,0.0625,0.0
1583.0,0,0.75,0.25,0,0,0.0,0.22916666666666666,0.7083333333333334,0.0625,0.0
1588.0,0,0,0,0.75,0.25,0.0,0.0,0.5,0.4791666666666667,0.020833333333333332
1590.0,0,0,0,1.0,0,0.0,0.0,0.25,0.6730769230769231,0.07692307692307693
1591.0,0,0,0,0.5,0.5,0.0,0.0,0.5,0.4791666666666667,0.020833333333333332
1597.0,0,0.25,0.75,0,0,0.0,0.14583333333333334,0.7916666666666666,0.0625,0.0
1599.0,0,0.5,0.5,0,0,0.7708333333333334,0.22916666666666666,0.0,0.0,0.0
1601.0,0,1.0,0,0,0,0.0,0.2857142857142857,0.7142857142857143,0.0,0.0
1603.0,0,0,0.5,0.5,0,0.0,0.2857142857142857,0.7142857142857143,0.0,0.0
1604.0,0,0,1.0,0,0,0.0,0.2857142857142857,0.7142857142857143,0.0,0.0
1606.0,0,0,0,1.0,0,0.0,0.0,0.6805555555555556,0.3194444444444444,0.0
1607.0,0,0,0.5,0.5,0,0.06666666666666667,0.05,0.4166666666666667,0.43333333333333335,0.03333333333333333
1609.0,0.75,0.25,0,0,0,0.7708333333333334,0.22916666666666666,0.0,0.0,0.0
1610.0,0,0.25,0.75,0,0,0.0,0.14583333333333334,0.7916666666666666,0.0625,0.0
1614.0,0,0.75,0.25,0,0,0.0,0.2857142857142857,0.7142857142857143,0.0,0.0
1619.0,0,0,0,1.0,0,0.0,0.0,0.0,0.5833333333333334,0.4166666666666667
1626.0,0.25,0.75,0,0,0,0.7708333333333334,0.22916666666666666,0.0,0.0,0.0
1630.0,0,0,1.0,0,0,0.0,0.0,0.5,0.4791666666666667,0.020833333333333332
1642.0,1.0,0,0,0,0,0.7708333333333334,0.22916666666666666,0.0,0.0,0.0
1645.0,0,0.5,0.5,0,0,0.0,0.22916666666666666,0.7083333333333334,0.0625,0.0
1650.0,1.0,0,0,0,0,0.7708333333333334,0.22916666666666666,0.0,0.0,0.0
1652.0,0,0.75,0.25,0,0,0.0,0.2857142857142857,0.7142857142857143,0.0,0.0
1653.0,0,0.5,0.5,0,0,0.0,0.14583333333333334,0.7916666666666666,0.0625,0.0
1654.0,0,0,0.5,0.5,0,0.0,0.2857142857142857,0.7142857142857143,0.0,0.0
1667.0,0,0.25,0.75,0,0,0.0,0.14583333333333334,0.7916666666666666,0.0625,0.0
1675.0,1.0,0,0,0,0,0.7708333333333334,0.22916666666666666,0.0,0.0,0.0
1679.0,0,0.25,0.75,0,0,0.0,0.14583333333333334,0.7916666666666666,0.0625,0.0
1682.0,0,0,1.0,0,0,0.06666666666666667,0.05,0.4166666666666667,0.43333333333333335,0.03333333333333333
1685.0,0,0.5,0.5,0,0,0.0,0.14583333333333334,0.7916666666666666,0.0625,0.0
1686.0,0,0.5,0.5,0,0,0.7708333333333334,0.22916666666666666,0.0,0.0,0.0
1689.0,0,0,1.0,0,0,0.0,0.2857142857142857,0.7142857142857143,0.0,0.0
1692.0,1.0,0,0,0,0,0.06666666666666667,0.05,0.4166666666666667,0.43333333333333335,0.03333333333333333
1693.0,0,0.75,0.25,0,0,0.0,0.14583333333333334,0.7916666666666666,0.0625,0.0
1694.0,0,0,0.75,0.25,0,0.06666666666666667,0.05,0.4166666666666667,0.43333333333333335,0.03333333333333333
1695.0,0,1.0,0,0,0,0.0,0.22916666666666666,0.7083333333333334,0.0625,0.0
1697.0,1.0,0,0,0,0,0.0,0.0,0.5,0.4791666666666667,0.020833333333333332
1698.0,1.0,0,0,0,0,0.06666666666666667,0.05,0.4166666666666667,0.43333333333333335,0.03333333333333333
1701.0,0,1.0,0,0,0,0.0,0.2857142857142857,0.7142857142857143,0.0,0.0
1704.0,0,0,0,1.0,0,0.06666666666666667,0.05,0.4166666666666667,0.43333333333333335,0.03333333333333333
1713.0,0,0,1.0,0,0,0.0,0.22916666666666666,0.7083333333333334,0.0625,0.0
1714.0,0,0.75,0.25,0,0,0.0,0.2857142857142857,0.7142857142857143,0.0,0.0
1715.0,0,0,0,0.75,0.25,0.0,0.0,0.5,0.4791666666666667,0.020833333333333332
1718.0,0,0.25,0.75,0,0,0.0,0.22916666666666666,0.7083333333333334,0.0625,0.0
1719.0,0,0.25,0.75,0,0,0.0,0.2857142857142857,0.7142857142857143,0.0,0.0
1721.0,0,0,0.5,0.5,0,0.0,0.0,0.25,0.6730769230769231,0.07692307692307693
1723.0,0,0.5,0.5,0,0,0.0,0.14583333333333334,0.7916666666666666,0.0625,0.0
1730.0,0,0.25,0.75,0,0,0.0,0.0,0.5,0.4791666666666667,0.020833333333333332
1736.0,0,0,0,0.5,0.5,0.0,0.0,0.25,0.6730769230769231,0.07692307692307693
1759.0,0,0,1.0,0,0,0.0,0.22916666666666666,0.7083333333333334,0.0625,0.0
1760.0,0,0,0.5,0.5,0,0.0,0.2857142857142857,0.7142857142857143,0.0,0.0
1761.0,0,0.25,0.75,0,0,0.7708333333333334,0.22916666666666666,0.0,0.0,0.0
1766.0,0,0,1.0,0,0,0.0,0.0,0.6805555555555556,0.3194444444444444,0.0
1767.0,0,0,0.75,0.25,0,0.7708333333333334,0.22916666666666666,0.0,0.0,0.0
1768.0,0,0.25,0.75,0,0,0.0,0.22916666666666666,0.7083333333333334,0.0625,0.0
1772.0,0.5,0.5,0,0,0,0.0,0.0,0.25,0.6730769230769231,0.07692307692307693
1776.0,0,0,0.75,0.25,0,0.0,0.0,0.25,0.6730769230769231,0.07692307692307693
1779.0,0,0,0,1.0,0,0.0,0.0,0.25,0.6730769230769231,0.07692307692307693
1782.0,0,0.75,0.25,0,0,0.0,0.22916666666666666,0.7083333333333334,0.0625,0.0
1787.0,0,1.0,0,0,0,0.0,0.22916666666666666,0.7083333333333334,0.0625,0.0
1788.0,1.0,0,0,0,0,0.4444444444444444,0.5,0.013888888888888888,0.041666666666666664,0.0
1789.0,0,0.75,0.25,0,0,0.0,0.2857142857142857,0.7142857142857143,0.0,0.0
1790.0,0,0,0.25,0.75,0,0.06666666666666667,0.05,0.4166666666666667,0.43333333333333335,0.03333333333333333
1791.0,0,0.5,0.5,0,0,0.0,0.14583333333333334,0.7916666666666666,0.0625,0.0
1792.0,0,0,0.5,0.5,0,0.0,0.14583333333333334,0.7916666666666666,0.0625,0.0
1816.0,0,0,0,0.75,0.25,0.0,0.0,0.0,0.5833333333333334,0.4166666666666667
1820.0,0,0.5,0.5,0,0,0.0,0.22916666666666666,0.7083333333333334,0.0625,0.0
1821.0,0,0,0,0.5,0.5,0.0,0.0,0.25,0.6730769230769231,0.07692307692307693
1823.0,0.5,0.5,0,0,0,0.7708333333333334,0.22916666666666666,0.0,0.0,0.0
1824.0,0,0,0,0.75,0.25,0.0,0.0,0.25,0.6730769230769231,0.07692307692307693
1825.0,0,0.5,0.5,0,0,0.0,0.0,0.25,0.6730769230769231,0.07692307692307693
1828.0,0,0,0,0.75,0.25,0.0,0.0,0.25,0.6730769230769231,0.07692307692307693
1831.0,0,0,0,0.5,0.5,0.0,0.0,0.0,0.5833333333333334,0.4166666666666667
1832.0,0,0,0.25,0.75,0,0.7708333333333334,0.22916666666666666,0.0,0.0,0.0
1850.0,0,0,0,1.0,0,0.0,0.0,0.0,0.5833333333333334,0.4166666666666667
1853.0,0,0,0,1.0,0,0.0,0.0,0.6805555555555556,0.3194444444444444,0.0
1854.0,0,0,0.25,0.75,0,0.0,0.0,0.6805555555555556,0.3194444444444444,0.0
1855.0,0.25,0.75,0,0,0,0.0,0.22916666666666666,0.7083333333333334,0.0625,0.0
1856.0,0,0,0,0.25,0.75,0.06666666666666667,0.05,0.4166666666666667,0.43333333333333335,0.03333333333333333
1863.0,0,0,0,0.75,0.25,0.0,0.0,0.0,0.5833333333333334,0.4166666666666667
1864.0,0,0,0.75,0.25,0,0.06666666666666667,0.05,0.4166666666666667,0.43333333333333335,0.03333333333333333
1869.0,0,0.5,0.5,0,0,0.0,0.14583333333333334,0.7916666666666666,0.0625,0.0
