Nodule ID,Actual [1],Actual [2],Actual [3],Actual [4],Actual [5],Predicted [1],Predicted [2],Predicted [3],Predicted [4],Predicted [5],RMSE,Pearson r,ROC AUC,|Training Data: (d = 25 || np = 24 || nc = 12 || k = 6)|
1.0,0.0,0.0,0.75,0.0,0.25,0.0375,0.3,0.4875,0.175,0.0,0.22513884604838855,0.6357640481698541,1.0
3.0,1.0,0.0,0.0,0.0,0.0,0.08333333333333333,0.42857142857142855,0.38095238095238093,0.09523809523809523,0.011904761904761904,0.48544577078380446,-0.34259870933135506,0.25
4.0,0.25,0.25,0.5,0.0,0.0,0.7368421052631579,0.06578947368421052,0.14473684210526316,0.02631578947368421,0.02631578947368421,0.28232807383297576,0.2871411012817397,0.75
5.0,0.0,0.25,0.75,0.0,0.0,0.0375,0.3,0.4875,0.175,0.0,0.14383149863642525,0.92365720205809,1.0
6.0,1.0,0.0,0.0,0.0,0.0,0.7368421052631579,0.06578947368421052,0.14473684210526316,0.02631578947368421,0.02631578947368421,0.1385020775467449,0.9872714370363694,1.0
7.0,0.0,0.0,0.75,0.25,0.0,0.7368421052631579,0.06578947368421052,0.14473684210526316,0.02631578947368421,0.02631578947368421,0.4391662965336483,-0.21413450435129422,0.75
8.0,0.75,0.0,0.0,0.25,0.0,0.7368421052631579,0.06578947368421052,0.14473684210526316,0.02631578947368421,0.02631578947368421,0.12343199367956392,0.9063367393473384,1.0
17.0,0.0,0.25,0.25,0.5,0.0,0.0,0.35714285714285715,0.44047619047619047,0.15476190476190477,0.047619047619047616,0.18396613116268437,0.47746350194848897,0.5
20.0,0.0,0.5,0.5,0.0,0.0,0.7368421052631579,0.06578947368421052,0.14473684210526316,0.02631578947368421,0.02631578947368421,0.4145050113474299,-0.28450720686628184,0.5
23.0,0.0,0.0,0.25,0.5,0.25,0.0,0.1375,0.2,0.3625,0.3,0.09253377761660873,0.8962276570943039,1.0
25.0,0.75,0.0,0.25,0.0,0.0,0.14583333333333334,0.08333333333333333,0.14583333333333334,0.4166666666666667,0.20833333333333334,0.34636004067700676,-0.32221777937127877,0.375
27.0,0.0,0.0,0.0,0.25,0.75,0.0,0.0625,0.14583333333333334,0.125,0.6666666666666666,0.09771699499632146,0.9513797031986987,1.0
33.0,0.0,0.25,0.75,0.0,0.0,0.0375,0.3,0.4875,0.175,0.0,0.14383149863642525,0.92365720205809,1.0
34.0,0.0,0.0,0.25,0.25,0.5,0.7368421052631579,0.06578947368421052,0.14473684210526316,0.02631578947368421,0.02631578947368421,0.4081069057702848,-0.5665216322585676,0.125
35.0,0.0,0.0,0.75,0.25,0.0,0.0375,0.3,0.4875,0.175,0.0,0.18217436702236678,0.8037017212713252,1.0
36.0,0.0,0.5,0.25,0.25,0.0,0.0,0.35714285714285715,0.44047619047619047,0.15476190476190477,0.047619047619047616,0.11664236870396084,0.7920712357905166,0.75
37.0,0.5,0.0,0.5,0.0,0.0,0.7368421052631579,0.06578947368421052,0.14473684210526316,0.02631578947368421,0.02631578947368421,0.19391719396779514,0.7231224841184661,0.5
43.0,0.0,0.25,0.25,0.0,0.5,0.7368421052631579,0.06578947368421052,0.14473684210526316,0.02631578947368421,0.02631578947368421,0.403241711776378,-0.5277187807340081,0.125
47.0,0.25,0.25,0.25,0.25,0.0,0.7368421052631579,0.06578947368421052,0.14473684210526316,0.02631578947368421,0.02631578947368421,0.25797528280320986,0.3194113472764725,0.5
48.0,1.0,0.0,0.0,0.0,0.0,0.7368421052631579,0.06578947368421052,0.14473684210526316,0.02631578947368421,0.02631578947368421,0.1385020775467449,0.9872714370363694,1.0
50.0,0.0,0.0,0.25,0.25,0.5,0.0,0.0625,0.14583333333333334,0.125,0.6666666666666666,0.10785149254620652,0.8998280178450674,1.0
51.0,0.0,0.0,0.25,0.5,0.25,0.14583333333333334,0.08333333333333333,0.14583333333333334,0.4166666666666667,0.20833333333333334,0.09771699499632144,0.8980583307258221,1.0
52.0,0.0,0.5,0.5,0.0,0.0,0.0375,0.3,0.4875,0.175,0.0,0.12015614840697916,0.8852085966717996,0.75
53.0,0.75,0.0,0.0,0.25,0.0,0.7368421052631579,0.06578947368421052,0.14473684210526316,0.02631578947368421,0.02631578947368421,0.12343199367956392,0.9063367393473384,1.0
58.0,0.0,0.0,0.25,0.0,0.75,0.0,0.0625,0.14583333333333334,0.125,0.6666666666666666,0.08640183897219884,0.9663385035634581,1.0
60.0,0.0,0.0,0.0,0.5,0.5,0.7368421052631579,0.06578947368421052,0.14473684210526316,0.02631578947368421,0.02631578947368421,0.4509915207634773,-0.5215965459215167,0.125
62.0,0.0,0.25,0.75,0.0,0.0,0.7368421052631579,0.06578947368421052,0.14473684210526316,0.02631578947368421,0.02631578947368421,0.4346489015171069,-0.18923514338021347,0.75
65.0,0.0,0.25,0.25,0.5,0.0,0.0375,0.3,0.4875,0.175,0.0,0.1821743670223668,0.5047302110691346,0.5
71.0,0.25,0.25,0.5,0.0,0.0,0.08333333333333333,0.42857142857142855,0.38095238095238093,0.09523809523809523,0.011904761904761904,0.1288797009783272,0.743718691843463,0.75
77.0,0.25,0.5,0.25,0.0,0.0,0.0375,0.3,0.4875,0.175,0.0,0.18557343559895634,0.4860364995480556,0.75
79.0,0.0,0.25,0.75,0.0,0.0,0.0375,0.3,0.4875,0.175,0.0,0.14383149863642525,0.92365720205809,1.0
87.0,0.0,0.0,0.0,0.25,0.75,0.0,0.0625,0.14583333333333334,0.125,0.6666666666666666,0.09771699499632146,0.9513797031986987,1.0
88.0,0.0,0.0,0.0,0.25,0.75,0.0,0.1375,0.2,0.3625,0.3,0.2341206953688631,0.6258434455283736,0.75
89.0,0.0,1.0,0.0,0.0,0.0,0.0375,0.3,0.4875,0.175,0.0,0.3897916109923352,0.2797818551962664,0.75
92.0,0.0,0.5,0.25,0.25,0.0,0.0375,0.3,0.4875,0.175,0.0,0.14383149863642525,0.6916673262799252,0.75
96.0,0.0,0.25,0.25,0.25,0.25,0.0,0.0625,0.14583333333333334,0.125,0.6666666666666666,0.2169069180803395,0.418675417591231,0.75
98.0,0.0,0.0,0.25,0.0,0.75,0.0,0.0625,0.14583333333333334,0.125,0.6666666666666666,0.08640183897219884,0.9663385035634581,1.0
101.0,0.0,0.5,0.5,0.0,0.0,0.0375,0.3,0.4875,0.175,0.0,0.12015614840697916,0.8852085966717996,0.75
102.0,0.0,0.0,0.25,0.0,0.75,0.0,0.0625,0.14583333333333334,0.125,0.6666666666666666,0.08640183897219884,0.9663385035634581,1.0
103.0,0.0,0.0,0.5,0.5,0.0,0.0375,0.3,0.4875,0.175,0.0,0.198588771082355,0.5996574364550901,1.0
104.0,0.25,0.25,0.5,0.0,0.0,0.0375,0.3,0.4875,0.175,0.0,0.12524975049875348,0.7664421723642415,1.0
105.0,0.25,0.5,0.25,0.0,0.0,0.08333333333333333,0.42857142857142855,0.38095238095238093,0.09523809523809523,0.011904761904761904,0.10884885191107106,0.8184642890136602,1.0
106.0,0.0,0.25,0.75,0.0,0.0,0.0375,0.3,0.4875,0.175,0.0,0.14383149863642525,0.92365720205809,1.0
110.0,0.0,0.25,0.5,0.25,0.0,0.0,0.1375,0.2,0.3625,0.3,0.20263884129159443,0.210877095786895,0.5
112.0,0.0,0.25,0.25,0.0,0.5,0.14583333333333334,0.08333333333333333,0.14583333333333334,0.4166666666666667,0.20833333333333334,0.25241885384768264,-0.3572920240522087,0.75
113.0,0.0,0.0,0.25,0.25,0.5,0.0,0.0625,0.14583333333333334,0.125,0.6666666666666666,0.10785149254620652,0.8998280178450674,1.0
124.0,0.0,0.0,0.25,0.0,0.75,0.0,0.0625,0.14583333333333334,0.125,0.6666666666666666,0.08640183897219884,0.9663385035634581,1.0
126.0,0.0,0.0,0.25,0.0,0.75,0.0,0.0625,0.14583333333333334,0.125,0.6666666666666666,0.08640183897219884,0.9663385035634581,1.0
127.0,0.0,0.0,0.5,0.5,0.0,0.7368421052631579,0.06578947368421052,0.14473684210526316,0.02631578947368421,0.02631578947368421,0.4239211498312372,-0.3437795416300905,0.75
130.0,1.0,0.0,0.0,0.0,0.0,0.7368421052631579,0.06578947368421052,0.14473684210526316,0.02631578947368421,0.02631578947368421,0.1385020775467449,0.9872714370363694,1.0
133.0,0.0,0.25,0.75,0.0,0.0,0.0375,0.3,0.4875,0.175,0.0,0.14383149863642525,0.92365720205809,1.0
134.0,0.0,0.0,0.25,0.75,0.0,0.0,0.1375,0.2,0.3625,0.3,0.2287192602296536,0.6596728209623398,1.0
136.0,0.0,0.0,0.25,0.25,0.5,0.0,0.0625,0.14583333333333334,0.125,0.6666666666666666,0.10785149254620652,0.8998280178450674,1.0
137.0,0.0,0.5,0.25,0.25,0.0,0.08333333333333333,0.42857142857142855,0.38095238095238093,0.09523809523809523,0.011904761904761904,0.10323563518418476,0.8371506883062094,1.0
146.0,0.0,0.5,0.5,0.0,0.0,0.7368421052631579,0.06578947368421052,0.14473684210526316,0.02631578947368421,0.02631578947368421,0.4145050113474299,-0.28450720686628184,0.5
147.0,0.0,0.25,0.5,0.0,0.25,0.0,0.35714285714285715,0.44047619047619047,0.15476190476190477,0.047619047619047616,0.12643731473668338,0.7550585612208662,1.0
149.0,0.0,0.0,0.5,0.5,0.0,0.0,0.06666666666666667,0.21666666666666667,0.21666666666666667,0.5,0.28809720581775866,0.0790075771899963,0.625
154.0,0.25,0.0,0.25,0.25,0.25,0.7368421052631579,0.06578947368421052,0.14473684210526316,0.02631578947368421,0.02631578947368421,0.2655157527500934,0.2468178592590923,0.75
155.0,0.0,0.0,0.25,0.25,0.5,0.0,0.0625,0.14583333333333334,0.125,0.6666666666666666,0.10785149254620652,0.8998280178450674,1.0
156.0,0.0,0.0,0.5,0.0,0.5,0.0,0.1375,0.2,0.3625,0.3,0.23677520985103148,0.3221200845919665,1.0
157.0,0.0,0.25,0.25,0.25,0.25,0.0,0.0625,0.14583333333333334,0.125,0.6666666666666666,0.2169069180803395,0.418675417591231,0.75
167.0,0.0,0.5,0.5,0.0,0.0,0.0375,0.3,0.4875,0.175,0.0,0.12015614840697916,0.8852085966717996,0.75
168.0,0.0,0.5,0.5,0.0,0.0,0.7368421052631579,0.06578947368421052,0.14473684210526316,0.02631578947368421,0.02631578947368421,0.4145050113474299,-0.28450720686628184,0.5
169.0,0.75,0.0,0.0,0.25,0.0,0.7368421052631579,0.06578947368421052,0.14473684210526316,0.02631578947368421,0.02631578947368421,0.12343199367956392,0.9063367393473384,1.0
171.0,0.0,0.25,0.5,0.25,0.0,0.7368421052631579,0.06578947368421052,0.14473684210526316,0.02631578947368421,0.02631578947368421,0.3882805337036427,-0.4113102261603299,0.75
174.0,0.0,0.25,0.75,0.0,0.0,0.7368421052631579,0.06578947368421052,0.14473684210526316,0.02631578947368421,0.02631578947368421,0.4346489015171069,-0.18923514338021347,0.75
176.0,1.0,0.0,0.0,0.0,0.0,0.08333333333333333,0.42857142857142855,0.38095238095238093,0.09523809523809523,0.011904761904761904,0.48544577078380446,-0.34259870933135506,0.25
178.0,0.5,0.0,0.5,0.0,0.0,0.7368421052631579,0.06578947368421052,0.14473684210526316,0.02631578947368421,0.02631578947368421,0.19391719396779514,0.7231224841184661,0.5
179.0,0.0,0.25,0.0,0.0,0.75,0.7368421052631579,0.06578947368421052,0.14473684210526316,0.02631578947368421,0.02631578947368421,0.47375730430200375,-0.41332939211993996,0.125
185.0,0.0,0.0,0.25,0.25,0.5,0.0,0.06666666666666667,0.21666666666666667,0.21666666666666667,0.5,0.03651483716701107,0.9827294080023226,1.0
195.0,0.0,0.5,0.0,0.5,0.0,0.0375,0.3,0.4875,0.175,0.0,0.2773760984656032,0.17133069613002572,1.0
196.0,0.0,0.5,0.25,0.0,0.25,0.7368421052631579,0.06578947368421052,0.14473684210526316,0.02631578947368421,0.02631578947368421,0.39831709691562434,-0.48891592920944865,0.5
203.0,0.0,0.5,0.5,0.0,0.0,0.0375,0.3,0.4875,0.175,0.0,0.12015614840697916,0.8852085966717996,0.75
204.0,1.0,0.0,0.0,0.0,0.0,0.0,0.1375,0.2,0.3625,0.3,0.5060261850932222,-0.7890298431524715,0.0
205.0,0.0,0.0,0.0,0.0,1.0,0.0,0.0625,0.14583333333333334,0.125,0.6666666666666666,0.1743041721945991,0.9769093077128723,1.0
211.0,0.0,0.25,0.5,0.25,0.0,0.0,0.0625,0.14583333333333334,0.125,0.6666666666666666,0.3523236359434951,-0.3589987428708299,0.75
213.0,0.0,0.0,0.5,0.5,0.0,0.0,0.1375,0.2,0.3625,0.3,0.20871631464741802,0.5234451374619457,0.5
218.0,0.0,0.0,0.25,0.75,0.0,0.0,0.0625,0.14583333333333334,0.125,0.6666666666666666,0.41226845353213454,-0.2004479248877761,0.5
221.0,0.25,0.25,0.25,0.0,0.25,0.7368421052631579,0.06578947368421052,0.14473684210526316,0.02631578947368421,0.02631578947368421,0.25797528280320986,0.3194113472764726,0.5
222.0,0.0,0.25,0.25,0.5,0.0,0.7368421052631579,0.06578947368421052,0.14473684210526316,0.02631578947368421,0.02631578947368421,0.40324171177637796,-0.5277187807340081,0.125
223.0,0.0,0.5,0.0,0.25,0.25,0.7368421052631579,0.06578947368421052,0.14473684210526316,0.02631578947368421,0.02631578947368421,0.4129147792928327,-0.605324483783127,0.5
224.0,0.75,0.0,0.25,0.0,0.0,0.7368421052631579,0.06578947368421052,0.14473684210526316,0.02631578947368421,0.02631578947368421,0.05825248321362803,0.9810348222605806,1.0
226.0,0.0,0.5,0.5,0.0,0.0,0.0375,0.3,0.4875,0.175,0.0,0.12015614840697916,0.8852085966717996,0.75
227.0,0.0,0.25,0.5,0.0,0.25,0.0375,0.3,0.4875,0.175,0.0,0.13941843493598685,0.7103610378010045,1.0
231.0,0.0,0.25,0.25,0.25,0.25,0.0,0.1375,0.2,0.3625,0.3,0.07786205751198717,0.7890298431524714,0.5
244.0,0.25,0.5,0.25,0.0,0.0,0.7368421052631579,0.06578947368421052,0.14473684210526316,0.02631578947368421,0.02631578947368421,0.2959795231368945,0.20953539823262085,0.5
249.0,0.25,0.25,0.25,0.25,0.0,0.0375,0.3,0.4875,0.175,0.0,0.14811313243598623,0.5595637103925328,0.75
250.0,0.0,0.25,0.75,0.0,0.0,0.0375,0.3,0.4875,0.175,0.0,0.14383149863642525,0.92365720205809,1.0
251.0,0.0,0.5,0.5,0.0,0.0,0.0375,0.3,0.4875,0.175,0.0,0.12015614840697916,0.8852085966717996,0.75
253.0,0.0,0.25,0.0,0.75,0.0,0.0375,0.3,0.4875,0.175,0.0,0.3382861215007201,0.023991096157352985,0.5
254.0,0.0,0.25,0.25,0.25,0.25,0.14583333333333334,0.08333333333333333,0.14583333333333334,0.4166666666666667,0.20833333333333334,0.1337233877990101,0.23485454639722528,0.375
255.0,0.0,0.0,0.0,0.0,1.0,0.0,0.0625,0.14583333333333334,0.125,0.6666666666666666,0.1743041721945991,0.9769093077128723,1.0
263.0,0.0,0.0,0.75,0.25,0.0,0.0375,0.3,0.4875,0.175,0.0,0.18217436702236678,0.8037017212713252,1.0
266.0,0.0,0.5,0.5,0.0,0.0,0.0375,0.3,0.4875,0.175,0.0,0.12015614840697916,0.8852085966717996,0.75
274.0,0.0,0.5,0.5,0.0,0.0,0.0375,0.3,0.4875,0.175,0.0,0.12015614840697916,0.8852085966717996,0.75
281.0,0.5,0.0,0.5,0.0,0.0,0.7368421052631579,0.06578947368421052,0.14473684210526316,0.02631578947368421,0.02631578947368421,0.19391719396779514,0.7231224841184661,0.5
283.0,0.25,0.25,0.5,0.0,0.0,0.08333333333333333,0.42857142857142855,0.38095238095238093,0.09523809523809523,0.011904761904761904,0.1288797009783272,0.743718691843463,0.75
284.0,0.0,0.25,0.5,0.25,0.0,0.0375,0.3,0.4875,0.175,0.0,0.04401704215414753,0.9720729990961112,1.0
285.0,1.0,0.0,0.0,0.0,0.0,0.7368421052631579,0.06578947368421052,0.14473684210526316,0.02631578947368421,0.02631578947368421,0.1385020775467449,0.9872714370363694,1.0
286.0,0.75,0.0,0.25,0.0,0.0,0.7368421052631579,0.06578947368421052,0.14473684210526316,0.02631578947368421,0.02631578947368421,0.05825248321362803,0.9810348222605806,1.0
287.0,0.0,0.5,0.25,0.25,0.0,0.0,0.0625,0.14583333333333334,0.125,0.6666666666666666,0.3639577966987076,-0.452245169590526,0.25
291.0,1.0,0.0,0.0,0.0,0.0,0.7368421052631579,0.06578947368421052,0.14473684210526316,0.02631578947368421,0.02631578947368421,0.1385020775467449,0.9872714370363694,1.0
294.0,0.0,0.5,0.25,0.25,0.0,0.0375,0.3,0.4875,0.175,0.0,0.14383149863642525,0.6916673262799252,0.75
296.0,0.0,0.0,0.25,0.5,0.25,0.7368421052631579,0.06578947368421052,0.14473684210526316,0.02631578947368421,0.02631578947368421,0.4081069057702848,-0.5665216322585676,0.125
297.0,0.0,0.25,0.75,0.0,0.0,0.08333333333333333,0.42857142857142855,0.38095238095238093,0.09523809523809523,0.011904761904761904,0.19195851781663212,0.7770074624783901,0.75
307.0,0.0,0.25,0.25,0.0,0.5,0.0,0.0625,0.14583333333333334,0.125,0.6666666666666666,0.1337233877990101,0.8298931978052952,1.0
313.0,0.0,0.75,0.0,0.25,0.0,0.08333333333333333,0.42857142857142855,0.38095238095238093,0.09523809523809523,0.011904761904761904,0.23642269690107448,0.5851537680392815,1.0
315.0,1.0,0.0,0.0,0.0,0.0,0.7368421052631579,0.06578947368421052,0.14473684210526316,0.02631578947368421,0.02631578947368421,0.1385020775467449,0.9872714370363694,1.0
318.0,0.0,0.0,0.0,0.5,0.5,0.0,0.0625,0.14583333333333334,0.125,0.6666666666666666,0.1967619825519599,0.669450467005884,0.5
324.0,0.0,0.0,0.5,0.0,0.5,0.7368421052631579,0.06578947368421052,0.14473684210526316,0.02631578947368421,0.02631578947368421,0.42392114983123713,-0.3437795416300905,0.125
326.0,0.0,0.0,0.5,0.5,0.0,0.0375,0.3,0.4875,0.175,0.0,0.198588771082355,0.5996574364550901,1.0
329.0,0.0,0.0,0.5,0.5,0.0,0.0,0.1375,0.2,0.3625,0.3,0.20871631464741802,0.5234451374619457,0.5
330.0,0.0,0.0,0.25,0.0,0.75,0.0,0.1375,0.2,0.3625,0.3,0.2665755052513265,0.40595250520759374,0.75
331.0,0.0,0.25,0.25,0.5,0.0,0.0,0.1375,0.2,0.3625,0.3,0.15751984002023364,0.5535523764405995,1.0
332.0,0.0,0.5,0.25,0.25,0.0,0.0375,0.3,0.4875,0.175,0.0,0.14383149863642525,0.6916673262799252,0.75
335.0,0.25,0.25,0.5,0.0,0.0,0.7368421052631579,0.06578947368421052,0.14473684210526316,0.02631578947368421,0.02631578947368421,0.28232807383297576,0.2871411012817397,0.75
337.0,0.75,0.25,0.0,0.0,0.0,0.7368421052631579,0.06578947368421052,0.14473684210526316,0.02631578947368421,0.02631578947368421,0.10624541704308606,0.9312361003184191,1.0
338.0,0.75,0.0,0.0,0.25,0.0,0.7368421052631579,0.06578947368421052,0.14473684210526316,0.02631578947368421,0.02631578947368421,0.12343199367956392,0.9063367393473384,1.0
340.0,0.0,0.5,0.5,0.0,0.0,0.7368421052631579,0.06578947368421052,0.14473684210526316,0.02631578947368421,0.02631578947368421,0.4145050113474299,-0.28450720686628184,0.5
341.0,0.0,0.25,0.25,0.25,0.25,0.14583333333333334,0.08333333333333333,0.14583333333333334,0.4166666666666667,0.20833333333333334,0.1337233877990101,0.23485454639722528,0.375
343.0,1.0,0.0,0.0,0.0,0.0,0.0,0.35714285714285715,0.44047619047619047,0.15476190476190477,0.047619047619047616,0.5191895830322982,-0.5816527382727266,0.0
348.0,0.0,0.25,0.75,0.0,0.0,0.08333333333333333,0.42857142857142855,0.38095238095238093,0.09523809523809523,0.011904761904761904,0.19195851781663212,0.7770074624783901,0.75
349.0,0.0,0.0,0.25,0.75,0.0,0.0,0.1375,0.2,0.3625,0.3,0.2287192602296536,0.6596728209623398,1.0
355.0,0.75,0.0,0.25,0.0,0.0,0.7368421052631579,0.06578947368421052,0.14473684210526316,0.02631578947368421,0.02631578947368421,0.05825248321362803,0.9810348222605806,1.0
357.0,0.5,0.0,0.5,0.0,0.0,0.7368421052631579,0.06578947368421052,0.14473684210526316,0.02631578947368421,0.02631578947368421,0.19391719396779514,0.7231224841184661,0.5
361.0,0.0,0.25,0.0,0.75,0.0,0.0,0.1375,0.2,0.3625,0.3,0.24199690080660125,0.5750993823774244,1.0
363.0,0.0,0.25,0.75,0.0,0.0,0.08333333333333333,0.42857142857142855,0.38095238095238093,0.09523809523809523,0.011904761904761904,0.19195851781663212,0.7770074624783901,0.75
369.0,0.0,0.5,0.5,0.0,0.0,0.0375,0.3,0.4875,0.175,0.0,0.12015614840697916,0.8852085966717996,0.75
378.0,0.75,0.25,0.0,0.0,0.0,0.7368421052631579,0.06578947368421052,0.14473684210526316,0.02631578947368421,0.02631578947368421,0.10624541704308606,0.9312361003184191,1.0
380.0,0.0,0.0,0.25,0.0,0.75,0.7368421052631579,0.06578947368421052,0.14473684210526316,0.02631578947368421,0.02631578947368421,0.4653506705027899,-0.3635306701777785,0.125
383.0,0.0,0.5,0.0,0.5,0.0,0.0375,0.3,0.4875,0.175,0.0,0.2773760984656032,0.17133069613002572,1.0
384.0,0.75,0.0,0.25,0.0,0.0,0.7368421052631579,0.06578947368421052,0.14473684210526316,0.02631578947368421,0.02631578947368421,0.05825248321362803,0.9810348222605806,1.0
385.0,0.0,0.0,0.25,0.25,0.5,0.7368421052631579,0.06578947368421052,0.14473684210526316,0.02631578947368421,0.02631578947368421,0.4081069057702848,-0.5665216322585676,0.125
386.0,0.0,0.5,0.5,0.0,0.0,0.7368421052631579,0.06578947368421052,0.14473684210526316,0.02631578947368421,0.02631578947368421,0.4145050113474299,-0.28450720686628184,0.5
387.0,1.0,0.0,0.0,0.0,0.0,0.7368421052631579,0.06578947368421052,0.14473684210526316,0.02631578947368421,0.02631578947368421,0.1385020775467449,0.9872714370363694,1.0
388.0,0.0,0.0,0.25,0.25,0.5,0.0,0.0625,0.14583333333333334,0.125,0.6666666666666666,0.10785149254620652,0.8998280178450674,1.0
391.0,0.5,0.25,0.25,0.0,0.0,0.7368421052631579,0.06578947368421052,0.14473684210526316,0.02631578947368421,0.02631578947368421,0.14317337377616254,0.869183874150131,1.0
392.0,0.0,0.25,0.0,0.25,0.5,0.0,0.1375,0.2,0.3625,0.3,0.14512925273699992,0.6326312873606849,0.75
398.0,0.0,0.25,0.0,0.25,0.5,0.0,0.1375,0.2,0.3625,0.3,0.14512925273699992,0.6326312873606849,0.75
399.0,1.0,0.0,0.0,0.0,0.0,0.7368421052631579,0.06578947368421052,0.14473684210526316,0.02631578947368421,0.02631578947368421,0.1385020775467449,0.9872714370363694,1.0
403.0,0.0,0.25,0.25,0.0,0.5,0.0,0.0625,0.14583333333333334,0.125,0.6666666666666666,0.1337233877990101,0.8298931978052952,1.0
404.0,0.0,0.25,0.25,0.25,0.25,0.7368421052631579,0.06578947368421052,0.14473684210526316,0.02631578947368421,0.02631578947368421,0.37094996713349837,-0.9872714370363694,0.75
405.0,0.0,0.0,0.25,0.5,0.25,0.0,0.06666666666666667,0.21666666666666667,0.21666666666666667,0.5,0.17224014243685085,0.5430873044223362,0.625
408.0,0.75,0.25,0.0,0.0,0.0,0.08333333333333333,0.42857142857142855,0.38095238095238093,0.09523809523809523,0.011904761904761904,0.3551531878613404,-0.12230673020493175,0.25
409.0,1.0,0.0,0.0,0.0,0.0,0.125,0.1875,0.5416666666666666,0.14583333333333334,0.0,0.4723243353647764,-0.20614891875811928,0.25
410.0,0.0,0.5,0.5,0.0,0.0,0.0375,0.3,0.4875,0.175,0.0,0.12015614840697916,0.8852085966717996,0.75
423.0,1.0,0.0,0.0,0.0,0.0,0.7368421052631579,0.06578947368421052,0.14473684210526316,0.02631578947368421,0.02631578947368421,0.1385020775467449,0.9872714370363694,1.0
433.0,0.0,0.25,0.75,0.0,0.0,0.0,0.07142857142857142,0.20238095238095238,0.21428571428571427,0.5119047619047619,0.3576979812704968,-0.11865086276939563,0.5
435.0,0.0,0.0,0.0,0.25,0.75,0.0,0.1375,0.2,0.3625,0.3,0.2341206953688631,0.6258434455283736,0.75
436.0,1.0,0.0,0.0,0.0,0.0,0.08333333333333333,0.42857142857142855,0.38095238095238093,0.09523809523809523,0.011904761904761904,0.48544577078380446,-0.34259870933135506,0.25
437.0,0.0,0.25,0.25,0.0,0.5,0.0,0.1375,0.2,0.3625,0.3,0.19316443772081857,0.28995600670698063,0.75
439.0,0.0,0.5,0.25,0.25,0.0,0.0375,0.3,0.4875,0.175,0.0,0.14383149863642525,0.6916673262799252,0.75
440.0,0.0,0.5,0.5,0.0,0.0,0.7368421052631579,0.06578947368421052,0.14473684210526316,0.02631578947368421,0.02631578947368421,0.4145050113474299,-0.28450720686628184,0.5
443.0,0.75,0.0,0.25,0.0,0.0,0.7368421052631579,0.06578947368421052,0.14473684210526316,0.02631578947368421,0.02631578947368421,0.05825248321362803,0.9810348222605806,1.0
444.0,0.0,0.25,0.0,0.5,0.25,0.0,0.1375,0.2,0.3625,0.3,0.12170661444638085,0.7644294722274945,1.0
446.0,0.25,0.25,0.5,0.0,0.0,0.0375,0.3,0.4875,0.175,0.0,0.12524975049875348,0.7664421723642415,1.0
447.0,0.0,0.5,0.25,0.25,0.0,0.0375,0.3,0.4875,0.175,0.0,0.14383149863642525,0.6916673262799252,0.75
450.0,0.0,0.0,0.25,0.25,0.5,0.0,0.0625,0.14583333333333334,0.125,0.6666666666666666,0.10785149254620652,0.8998280178450674,1.0
457.0,0.0,0.25,0.0,0.25,0.5,0.7368421052631579,0.06578947368421052,0.14473684210526316,0.02631578947368421,0.02631578947368421,0.4176673118398199,-0.6441273353076864,0.125
461.0,0.0,0.0,0.25,0.75,0.0,0.0,0.1375,0.2,0.3625,0.3,0.2287192602296536,0.6596728209623398,1.0
463.0,0.0,0.25,0.75,0.0,0.0,0.7368421052631579,0.06578947368421052,0.14473684210526316,0.02631578947368421,0.02631578947368421,0.4346489015171069,-0.18923514338021347,0.75
471.0,0.5,0.25,0.25,0.0,0.0,0.7368421052631579,0.06578947368421052,0.14473684210526316,0.02631578947368421,0.02631578947368421,0.14317337377616254,0.869183874150131,1.0
474.0,0.0,0.0,0.0,0.25,0.75,0.0,0.0625,0.14583333333333334,0.125,0.6666666666666666,0.09771699499632146,0.9513797031986987,1.0
477.0,0.5,0.0,0.5,0.0,0.0,0.7368421052631579,0.06578947368421052,0.14473684210526316,0.02631578947368421,0.02631578947368421,0.19391719396779514,0.7231224841184661,0.5
479.0,1.0,0.0,0.0,0.0,0.0,0.7368421052631579,0.06578947368421052,0.14473684210526316,0.02631578947368421,0.02631578947368421,0.1385020775467449,0.9872714370363694,1.0
483.0,0.0,0.0,0.0,0.0,1.0,0.0,0.0625,0.14583333333333334,0.125,0.6666666666666666,0.1743041721945991,0.9769093077128723,1.0
485.0,0.0,0.0,0.25,0.25,0.5,0.0,0.0625,0.14583333333333334,0.125,0.6666666666666666,0.10785149254620652,0.8998280178450674,1.0
486.0,0.0,0.0,0.0,0.25,0.75,0.0,0.0625,0.14583333333333334,0.125,0.6666666666666666,0.09771699499632146,0.9513797031986987,1.0
487.0,0.0,0.0,0.0,0.0,1.0,0.0,0.0625,0.14583333333333334,0.125,0.6666666666666666,0.1743041721945991,0.9769093077128723,1.0
489.0,0.0,0.5,0.5,0.0,0.0,0.7368421052631579,0.06578947368421052,0.14473684210526316,0.02631578947368421,0.02631578947368421,0.4145050113474299,-0.28450720686628184,0.5
493.0,0.0,0.5,0.25,0.0,0.25,0.7368421052631579,0.06578947368421052,0.14473684210526316,0.02631578947368421,0.02631578947368421,0.39831709691562434,-0.48891592920944865,0.5
497.0,0.0,0.5,0.0,0.5,0.0,0.0375,0.3,0.4875,0.175,0.0,0.2773760984656032,0.17133069613002572,1.0
499.0,0.0,0.25,0.5,0.25,0.0,0.0,0.06666666666666667,0.21666666666666667,0.21666666666666667,0.5,0.2701851217221259,-0.12930650105293712,0.625
500.0,0.0,0.25,0.25,0.5,0.0,0.0375,0.3,0.4875,0.175,0.0,0.1821743670223668,0.5047302110691346,0.5
503.0,0.25,0.25,0.5,0.0,0.0,0.0375,0.3,0.4875,0.175,0.0,0.12524975049875348,0.7664421723642415,1.0
504.0,0.25,0.0,0.75,0.0,0.0,0.0,0.1375,0.2,0.3625,0.3,0.3479403684541361,-0.270635003471729,0.5
505.0,0.25,0.5,0.25,0.0,0.0,0.0375,0.3,0.4875,0.175,0.0,0.18557343559895634,0.4860364995480556,0.75
513.0,0.0,0.0,0.0,0.25,0.75,0.0,0.0625,0.14583333333333334,0.125,0.6666666666666666,0.09771699499632146,0.9513797031986987,1.0
516.0,0.0,0.75,0.0,0.25,0.0,0.08333333333333333,0.42857142857142855,0.38095238095238093,0.09523809523809523,0.011904761904761904,0.23642269690107448,0.5851537680392815,1.0
517.0,0.0,0.25,0.25,0.25,0.25,0.08333333333333333,0.42857142857142855,0.38095238095238093,0.09523809523809523,0.011904761904761904,0.16530052340675983,0.3425987093313551,0.75
518.0,0.0,0.25,0.5,0.25,0.0,0.0375,0.3,0.4875,0.175,0.0,0.04401704215414753,0.9720729990961112,1.0
520.0,0.0,0.5,0.25,0.25,0.0,0.0,0.0625,0.14583333333333334,0.125,0.6666666666666666,0.3639577966987076,-0.452245169590526,0.25
521.0,0.0,0.75,0.0,0.25,0.0,0.0,0.07142857142857142,0.20238095238095238,0.21428571428571427,0.5119047619047619,0.3910854712271841,-0.36293205082403396,0.25
522.0,0.0,0.25,0.0,0.25,0.5,0.7368421052631579,0.06578947368421052,0.14473684210526316,0.02631578947368421,0.02631578947368421,0.4176673118398199,-0.6441273353076864,0.125
523.0,0.0,0.0,0.75,0.25,0.0,0.7368421052631579,0.06578947368421052,0.14473684210526316,0.02631578947368421,0.02631578947368421,0.4391662965336483,-0.21413450435129422,0.75
526.0,1.0,0.0,0.0,0.0,0.0,0.7368421052631579,0.06578947368421052,0.14473684210526316,0.02631578947368421,0.02631578947368421,0.1385020775467449,0.9872714370363694,1.0
528.0,1.0,0.0,0.0,0.0,0.0,0.7368421052631579,0.06578947368421052,0.14473684210526316,0.02631578947368421,0.02631578947368421,0.1385020775467449,0.9872714370363694,1.0
532.0,0.0,0.0,0.25,0.0,0.75,0.0,0.1375,0.2,0.3625,0.3,0.2665755052513265,0.40595250520759374,0.75
534.0,0.0,0.5,0.25,0.0,0.25,0.0375,0.3,0.4875,0.175,0.0,0.19541622245862802,0.4299553649848184,0.75
547.0,0.0,0.25,0.25,0.5,0.0,0.08333333333333333,0.42857142857142855,0.38095238095238093,0.09523809523809523,0.011904761904761904,0.2097401480528118,0.3139315081148286,0.5
548.0,0.0,0.5,0.25,0.0,0.25,0.0,0.4375,0.1875,0.3541666666666667,0.020833333333333332,0.19275055843700628,0.4336932262711798,1.0
549.0,0.0,0.25,0.75,0.0,0.0,0.7368421052631579,0.06578947368421052,0.14473684210526316,0.02631578947368421,0.02631578947368421,0.4346489015171069,-0.18923514338021347,0.75
551.0,0.0,0.0,0.0,0.5,0.5,0.0375,0.3,0.4875,0.175,0.0,0.37005067220584803,-0.5139920883900772,0.5
552.0,0.0,0.25,0.25,0.25,0.25,0.0375,0.3,0.4875,0.175,0.0,0.16027320424824604,0.45464551469393283,1.0
555.0,0.0,0.5,0.25,0.25,0.0,0.0375,0.3,0.4875,0.175,0.0,0.14383149863642525,0.6916673262799252,0.75
561.0,0.5,0.0,0.0,0.0,0.5,0.7368421052631579,0.06578947368421052,0.14473684210526316,0.02631578947368421,0.02631578947368421,0.24756431213456287,0.5453054798270401,0.75
564.0,0.0,0.5,0.25,0.25,0.0,0.0375,0.3,0.4875,0.175,0.0,0.14383149863642525,0.6916673262799252,0.75
565.0,0.0,0.0,0.25,0.5,0.25,0.0,0.0625,0.14583333333333334,0.125,0.6666666666666666,0.25651239952702304,0.29372624416704274,0.5
567.0,1.0,0.0,0.0,0.0,0.0,0.125,0.1875,0.5416666666666666,0.14583333333333334,0.0,0.4723243353647764,-0.20614891875811928,0.25
568.0,0.0,0.25,0.0,0.5,0.25,0.0,0.1375,0.2,0.3625,0.3,0.12170661444638085,0.7644294722274945,1.0
573.0,0.0,0.0,0.25,0.5,0.25,0.0,0.0625,0.14583333333333334,0.125,0.6666666666666666,0.25651239952702304,0.29372624416704274,0.5
577.0,0.75,0.0,0.0,0.25,0.0,0.08333333333333333,0.42857142857142855,0.38095238095238093,0.09523809523809523,0.011904761904761904,0.39933334469012965,-0.4580506954733721,0.25
578.0,0.0,0.5,0.0,0.25,0.25,0.7368421052631579,0.06578947368421052,0.14473684210526316,0.02631578947368421,0.02631578947368421,0.4129147792928327,-0.605324483783127,0.5
579.0,1.0,0.0,0.0,0.0,0.0,0.7368421052631579,0.06578947368421052,0.14473684210526316,0.02631578947368421,0.02631578947368421,0.1385020775467449,0.9872714370363694,1.0
580.0,0.0,0.25,0.25,0.25,0.25,0.0,0.1375,0.2,0.3625,0.3,0.07786205751198717,0.7890298431524714,0.5
585.0,0.0,0.0,0.25,0.25,0.5,0.7368421052631579,0.06578947368421052,0.14473684210526316,0.02631578947368421,0.02631578947368421,0.4081069057702848,-0.5665216322585676,0.125
590.0,0.75,0.0,0.25,0.0,0.0,0.7368421052631579,0.06578947368421052,0.14473684210526316,0.02631578947368421,0.02631578947368421,0.05825248321362803,0.9810348222605806,1.0
595.0,0.0,0.0,0.25,0.5,0.25,0.0,0.0625,0.14583333333333334,0.125,0.6666666666666666,0.25651239952702304,0.29372624416704274,0.5
596.0,0.0,0.0,0.25,0.0,0.75,0.7368421052631579,0.06578947368421052,0.14473684210526316,0.02631578947368421,0.02631578947368421,0.4653506705027899,-0.3635306701777785,0.125
597.0,0.75,0.0,0.0,0.0,0.25,0.7368421052631579,0.06578947368421052,0.14473684210526316,0.02631578947368421,0.02631578947368421,0.12343199367956392,0.9063367393473383,1.0
600.0,0.75,0.25,0.0,0.0,0.0,0.7368421052631579,0.06578947368421052,0.14473684210526316,0.02631578947368421,0.02631578947368421,0.10624541704308606,0.9312361003184191,1.0
601.0,0.25,0.75,0.0,0.0,0.0,0.0375,0.3,0.4875,0.175,0.0,0.32122811209481655,0.13195102886544147,0.75
602.0,0.0,0.0,0.25,0.25,0.5,0.0,0.0625,0.14583333333333334,0.125,0.6666666666666666,0.10785149254620652,0.8998280178450674,1.0
603.0,0.0,0.5,0.0,0.25,0.25,0.7368421052631579,0.06578947368421052,0.14473684210526316,0.02631578947368421,0.02631578947368421,0.4129147792928327,-0.605324483783127,0.5
604.0,0.5,0.5,0.0,0.0,0.0,0.08333333333333333,0.42857142857142855,0.38095238095238093,0.09523809523809523,0.011904761904761904,0.25808908796046187,0.2683130962360664,0.25
607.0,0.25,0.25,0.25,0.25,0.0,0.0,0.1375,0.2,0.3625,0.3,0.18990129014832943,-0.3945149215762358,0.25
609.0,0.0,0.0,0.75,0.25,0.0,0.7368421052631579,0.06578947368421052,0.14473684210526316,0.02631578947368421,0.02631578947368421,0.4391662965336483,-0.21413450435129422,0.75
622.0,0.0,0.5,0.5,0.0,0.0,0.0375,0.3,0.4875,0.175,0.0,0.12015614840697916,0.8852085966717996,0.75
626.0,0.5,0.5,0.0,0.0,0.0,0.08333333333333333,0.42857142857142855,0.38095238095238093,0.09523809523809523,0.011904761904761904,0.25808908796046187,0.2683130962360664,0.25
628.0,0.75,0.0,0.25,0.0,0.0,0.7368421052631579,0.06578947368421052,0.14473684210526316,0.02631578947368421,0.02631578947368421,0.05825248321362803,0.9810348222605806,1.0
629.0,0.5,0.25,0.25,0.0,0.0,0.7368421052631579,0.06578947368421052,0.14473684210526316,0.02631578947368421,0.02631578947368421,0.14317337377616254,0.869183874150131,1.0
634.0,0.0,0.0,0.75,0.25,0.0,0.7368421052631579,0.06578947368421052,0.14473684210526316,0.02631578947368421,0.02631578947368421,0.4391662965336483,-0.21413450435129422,0.75
635.0,0.0,0.25,0.75,0.0,0.0,0.7368421052631579,0.06578947368421052,0.14473684210526316,0.02631578947368421,0.02631578947368421,0.4346489015171069,-0.18923514338021347,0.75
637.0,0.0,0.0,0.25,0.25,0.5,0.7368421052631579,0.06578947368421052,0.14473684210526316,0.02631578947368421,0.02631578947368421,0.4081069057702848,-0.5665216322585676,0.125
638.0,0.0,0.25,0.25,0.25,0.25,0.7368421052631579,0.06578947368421052,0.14473684210526316,0.02631578947368421,0.02631578947368421,0.37094996713349837,-0.9872714370363694,0.75
639.0,0.25,0.0,0.75,0.0,0.0,0.0,0.35714285714285715,0.44047619047619047,0.15476190476190477,0.047619047619047616,0.24982987408713664,0.5201386700740586,1.0
642.0,0.0,0.25,0.25,0.5,0.0,0.08333333333333333,0.42857142857142855,0.38095238095238093,0.09523809523809523,0.011904761904761904,0.2097401480528118,0.3139315081148286,0.5
643.0,1.0,0.0,0.0,0.0,0.0,0.7368421052631579,0.06578947368421052,0.14473684210526316,0.02631578947368421,0.02631578947368421,0.1385020775467449,0.9872714370363694,1.0
647.0,0.0,0.25,0.25,0.25,0.25,0.0,0.1375,0.2,0.3625,0.3,0.07786205751198717,0.7890298431524714,0.5
649.0,0.0,0.0,0.0,0.25,0.75,0.0,0.1375,0.2,0.3625,0.3,0.2341206953688631,0.6258434455283736,0.75
650.0,1.0,0.0,0.0,0.0,0.0,0.14583333333333334,0.08333333333333333,0.14583333333333334,0.4166666666666667,0.20833333333333334,0.4415487263912985,-0.23485454639722528,0.375
651.0,1.0,0.0,0.0,0.0,0.0,0.7368421052631579,0.06578947368421052,0.14473684210526316,0.02631578947368421,0.02631578947368421,0.1385020775467449,0.9872714370363694,1.0
652.0,0.0,0.25,0.5,0.25,0.0,0.7368421052631579,0.06578947368421052,0.14473684210526316,0.02631578947368421,0.02631578947368421,0.3882805337036427,-0.4113102261603299,0.75
654.0,0.0,0.5,0.25,0.25,0.0,0.0,0.4375,0.1875,0.3541666666666667,0.020833333333333332,0.061801654059130524,0.9439205512960973,1.0
655.0,1.0,0.0,0.0,0.0,0.0,0.0,0.1375,0.2,0.3625,0.3,0.5060261850932222,-0.7890298431524715,0.0
656.0,0.0,0.25,0.5,0.25,0.0,0.0,0.1375,0.2,0.3625,0.3,0.20263884129159443,0.210877095786895,0.5
657.0,0.0,0.0,0.5,0.5,0.0,0.0,0.1375,0.2,0.3625,0.3,0.20871631464741802,0.5234451374619457,0.5
659.0,0.5,0.0,0.5,0.0,0.0,0.7368421052631579,0.06578947368421052,0.14473684210526316,0.02631578947368421,0.02631578947368421,0.19391719396779514,0.7231224841184661,0.5
661.0,0.0,0.0,0.25,0.25,0.5,0.0,0.0625,0.14583333333333334,0.125,0.6666666666666666,0.10785149254620652,0.8998280178450674,1.0
662.0,0.0,0.25,0.75,0.0,0.0,0.0,0.1375,0.2,0.3625,0.3,0.32758586660599387,-0.08457343858491526,0.5
663.0,0.75,0.25,0.0,0.0,0.0,0.7368421052631579,0.06578947368421052,0.14473684210526316,0.02631578947368421,0.02631578947368421,0.10624541704308606,0.9312361003184191,1.0
664.0,0.0,0.5,0.25,0.25,0.0,0.0375,0.3,0.4875,0.175,0.0,0.14383149863642525,0.6916673262799252,0.75
665.0,0.0,0.0,0.25,0.0,0.75,0.7368421052631579,0.06578947368421052,0.14473684210526316,0.02631578947368421,0.02631578947368421,0.4653506705027899,-0.3635306701777785,0.125
666.0,0.25,0.25,0.5,0.0,0.0,0.0375,0.3,0.4875,0.175,0.0,0.12524975049875348,0.7664421723642415,1.0
667.0,0.75,0.0,0.0,0.25,0.0,0.7368421052631579,0.06578947368421052,0.14473684210526316,0.02631578947368421,0.02631578947368421,0.12343199367956392,0.9063367393473384,1.0
668.0,0.25,0.25,0.5,0.0,0.0,0.0375,0.3,0.4875,0.175,0.0,0.12524975049875348,0.7664421723642415,1.0
678.0,0.0,0.25,0.25,0.5,0.0,0.7368421052631579,0.06578947368421052,0.14473684210526316,0.02631578947368421,0.02631578947368421,0.40324171177637796,-0.5277187807340081,0.125
679.0,0.0,0.25,0.0,0.5,0.25,0.0,0.0625,0.14583333333333334,0.125,0.6666666666666666,0.272271820878409,0.2004798174473466,0.5
682.0,1.0,0.0,0.0,0.0,0.0,0.7368421052631579,0.06578947368421052,0.14473684210526316,0.02631578947368421,0.02631578947368421,0.1385020775467449,0.9872714370363694,1.0
684.0,0.0,0.25,0.75,0.0,0.0,0.0375,0.3,0.4875,0.175,0.0,0.14383149863642525,0.92365720205809,1.0
685.0,0.0,0.25,0.25,0.25,0.25,0.0,0.0625,0.14583333333333334,0.125,0.6666666666666666,0.2169069180803395,0.418675417591231,0.75
694.0,0.0,0.0,0.75,0.25,0.0,0.0375,0.3,0.4875,0.175,0.0,0.18217436702236678,0.8037017212713252,1.0
695.0,0.0,0.5,0.25,0.25,0.0,0.08333333333333333,0.42857142857142855,0.38095238095238093,0.09523809523809523,0.011904761904761904,0.10323563518418476,0.8371506883062094,1.0
702.0,0.0,0.0,0.5,0.0,0.5,0.0,0.0625,0.14583333333333334,0.125,0.6666666666666666,0.18587256685996217,0.7050595343998141,0.5
703.0,0.0,0.0,0.25,0.25,0.5,0.7368421052631579,0.06578947368421052,0.14473684210526316,0.02631578947368421,0.02631578947368421,0.4081069057702848,-0.5665216322585676,0.125
705.0,0.5,0.0,0.5,0.0,0.0,0.7368421052631579,0.06578947368421052,0.14473684210526316,0.02631578947368421,0.02631578947368421,0.19391719396779514,0.7231224841184661,0.5
708.0,0.0,0.5,0.25,0.25,0.0,0.0375,0.3,0.4875,0.175,0.0,0.14383149863642525,0.6916673262799252,0.75
711.0,0.0,0.25,0.75,0.0,0.0,0.08333333333333333,0.42857142857142855,0.38095238095238093,0.09523809523809523,0.011904761904761904,0.19195851781663212,0.7770074624783901,0.75
712.0,0.0,0.0,0.25,0.25,0.5,0.14583333333333334,0.08333333333333333,0.14583333333333334,0.4166666666666667,0.20833333333333334,0.17430417219459907,0.41523127119581027,0.75
714.0,0.0,0.5,0.5,0.0,0.0,0.08333333333333333,0.42857142857142855,0.38095238095238093,0.09523809523809523,0.011904761904761904,0.08417937871268423,0.9819117564383707,1.0
715.0,0.0,0.25,0.5,0.25,0.0,0.0375,0.3,0.4875,0.175,0.0,0.04401704215414753,0.9720729990961112,1.0
717.0,0.75,0.0,0.25,0.0,0.0,0.0375,0.3,0.4875,0.175,0.0,0.37005067220584803,-0.19192876925882388,0.25
720.0,1.0,0.0,0.0,0.0,0.0,0.7368421052631579,0.06578947368421052,0.14473684210526316,0.02631578947368421,0.02631578947368421,0.1385020775467449,0.9872714370363694,1.0
721.0,0.75,0.0,0.25,0.0,0.0,0.7368421052631579,0.06578947368421052,0.14473684210526316,0.02631578947368421,0.02631578947368421,0.05825248321362803,0.9810348222605806,1.0
725.0,0.25,0.5,0.25,0.0,0.0,0.7368421052631579,0.06578947368421052,0.14473684210526316,0.02631578947368421,0.02631578947368421,0.2959795231368945,0.20953539823262085,0.5
726.0,0.5,0.0,0.25,0.25,0.0,0.08333333333333333,0.42857142857142855,0.38095238095238093,0.09523809523809523,0.011904761904761904,0.28232112110060265,-0.24666047066165103,0.25
727.0,0.0,0.0,0.5,0.25,0.25,0.7368421052631579,0.06578947368421052,0.14473684210526316,0.02631578947368421,0.02631578947368421,0.39333082929543955,-0.45011307768488923,0.75
728.0,0.0,0.25,0.25,0.5,0.0,0.08333333333333333,0.42857142857142855,0.38095238095238093,0.09523809523809523,0.011904761904761904,0.2097401480528118,0.3139315081148286,0.5
729.0,0.0,0.5,0.25,0.0,0.25,0.7368421052631579,0.06578947368421052,0.14473684210526316,0.02631578947368421,0.02631578947368421,0.39831709691562434,-0.48891592920944865,0.5
732.0,0.0,0.0,0.25,0.0,0.75,0.0,0.06666666666666667,0.21666666666666667,0.21666666666666667,0.5,0.15165750888103102,0.9127200788182733,1.0
733.0,0.0,0.5,0.5,0.0,0.0,0.08333333333333333,0.42857142857142855,0.38095238095238093,0.09523809523809523,0.011904761904761904,0.08417937871268423,0.9819117564383707,1.0
734.0,0.0,0.0,0.0,0.25,0.75,0.0,0.0625,0.14583333333333334,0.125,0.6666666666666666,0.09771699499632146,0.9513797031986987,1.0
735.0,0.0,0.25,0.5,0.25,0.0,0.7368421052631579,0.06578947368421052,0.14473684210526316,0.02631578947368421,0.02631578947368421,0.3882805337036427,-0.4113102261603299,0.75
743.0,0.0,0.25,0.0,0.75,0.0,0.7368421052631579,0.06578947368421052,0.14473684210526316,0.02631578947368421,0.02631578947368421,0.47375730430200375,-0.41332939211993996,0.125
744.0,0.0,0.25,0.0,0.75,0.0,0.7368421052631579,0.06578947368421052,0.14473684210526316,0.02631578947368421,0.02631578947368421,0.47375730430200375,-0.41332939211993996,0.125
745.0,0.0,0.0,0.0,0.5,0.5,0.0,0.1375,0.2,0.3625,0.3,0.15350081433008753,0.845565222053912,1.0
746.0,0.0,0.25,0.5,0.25,0.0,0.7368421052631579,0.06578947368421052,0.14473684210526316,0.02631578947368421,0.02631578947368421,0.3882805337036427,-0.4113102261603299,0.75
748.0,0.0,0.25,0.75,0.0,0.0,0.08333333333333333,0.42857142857142855,0.38095238095238093,0.09523809523809523,0.011904761904761904,0.19195851781663212,0.7770074624783901,0.75
750.0,0.0,0.5,0.5,0.0,0.0,0.0375,0.3,0.4875,0.175,0.0,0.12015614840697916,0.8852085966717996,0.75
752.0,0.0,0.25,0.0,0.25,0.5,0.0,0.1375,0.2,0.3625,0.3,0.14512925273699992,0.6326312873606849,0.75
753.0,0.0,0.25,0.75,0.0,0.0,0.0375,0.3,0.4875,0.175,0.0,0.14383149863642525,0.92365720205809,1.0
756.0,0.0,0.0,0.25,0.25,0.5,0.0,0.0625,0.14583333333333334,0.125,0.6666666666666666,0.10785149254620652,0.8998280178450674,1.0
757.0,0.5,0.25,0.25,0.0,0.0,0.7368421052631579,0.06578947368421052,0.14473684210526316,0.02631578947368421,0.02631578947368421,0.14317337377616254,0.869183874150131,1.0
759.0,0.0,0.25,0.25,0.5,0.0,0.0,0.1375,0.2,0.3625,0.3,0.15751984002023364,0.5535523764405995,1.0
760.0,0.0,0.0,0.25,0.0,0.75,0.0,0.0625,0.14583333333333334,0.125,0.6666666666666666,0.08640183897219884,0.9663385035634581,1.0
761.0,0.0,0.5,0.25,0.25,0.0,0.7368421052631579,0.06578947368421052,0.14473684210526316,0.02631578947368421,0.02631578947368421,0.39831709691562434,-0.48891592920944865,0.5
763.0,0.0,0.0,0.25,0.0,0.75,0.7368421052631579,0.06578947368421052,0.14473684210526316,0.02631578947368421,0.02631578947368421,0.4653506705027899,-0.3635306701777785,0.125
765.0,0.0,0.5,0.5,0.0,0.0,0.0375,0.3,0.4875,0.175,0.0,0.12015614840697916,0.8852085966717996,0.75
766.0,0.0,0.0,0.25,0.25,0.5,0.0,0.0625,0.14583333333333334,0.125,0.6666666666666666,0.10785149254620652,0.8998280178450674,1.0
767.0,0.0,0.5,0.25,0.25,0.0,0.08333333333333333,0.42857142857142855,0.38095238095238093,0.09523809523809523,0.011904761904761904,0.10323563518418476,0.8371506883062094,1.0
781.0,0.5,0.25,0.25,0.0,0.0,0.125,0.1875,0.5416666666666666,0.14583333333333334,0.0,0.22399466759526018,0.2632346099985037,0.25
784.0,0.0,0.25,0.25,0.25,0.25,0.14583333333333334,0.08333333333333333,0.14583333333333334,0.4166666666666667,0.20833333333333334,0.1337233877990101,0.23485454639722528,0.375
786.0,0.75,0.0,0.0,0.0,0.25,0.7368421052631579,0.06578947368421052,0.14473684210526316,0.02631578947368421,0.02631578947368421,0.12343199367956392,0.9063367393473383,1.0
787.0,0.0,0.5,0.5,0.0,0.0,0.0375,0.3,0.4875,0.175,0.0,0.12015614840697916,0.8852085966717996,0.75
788.0,0.0,0.25,0.5,0.25,0.0,0.08333333333333333,0.42857142857142855,0.38095238095238093,0.09523809523809523,0.011904761904761904,0.12417528390862188,0.7624050911360123,0.75
793.0,0.0,0.25,0.75,0.0,0.0,0.0375,0.3,0.4875,0.175,0.0,0.14383149863642525,0.92365720205809,1.0
797.0,0.5,0.0,0.5,0.0,0.0,0.7368421052631579,0.06578947368421052,0.14473684210526316,0.02631578947368421,0.02631578947368421,0.19391719396779514,0.7231224841184661,0.5
798.0,0.0,0.0,0.75,0.25,0.0,0.08333333333333333,0.42857142857142855,0.38095238095238093,0.09523809523809523,0.011904761904761904,0.2649177342038309,0.4412634972099502,0.75
806.0,0.0,0.0,1.0,0.0,0.0,0.08333333333333333,0.42857142857142855,0.38095238095238093,0.09523809523809523,0.011904761904761904,0.34148203074871014,0.5313775899833262,0.75
815.0,1.0,0.0,0.0,0.0,0.0,0.7368421052631579,0.06578947368421052,0.14473684210526316,0.02631578947368421,0.02631578947368421,0.1385020775467449,0.9872714370363694,1.0
817.0,0.0,0.5,0.0,0.5,0.0,0.7368421052631579,0.06578947368421052,0.14473684210526316,0.02631578947368421,0.02631578947368421,0.4421522531418886,-0.46232421115770794,0.75
821.0,0.0,0.25,0.25,0.0,0.5,0.0,0.07142857142857142,0.20238095238095238,0.21428571428571427,0.5119047619047619,0.1266612959835275,0.757743904083579,1.0
822.0,0.0,0.25,0.5,0.0,0.25,0.14583333333333334,0.08333333333333333,0.14583333333333334,0.4166666666666667,0.20833333333333334,0.26450950413506463,-0.5021401419112123,0.375
828.0,0.0,0.0,0.5,0.5,0.0,0.0,0.1375,0.2,0.3625,0.3,0.20871631464741802,0.5234451374619457,0.5
829.0,0.5,0.0,0.5,0.0,0.0,0.7368421052631579,0.06578947368421052,0.14473684210526316,0.02631578947368421,0.02631578947368421,0.19391719396779514,0.7231224841184661,0.5
832.0,0.0,0.0,0.5,0.5,0.0,0.0,0.1375,0.2,0.3625,0.3,0.20871631464741802,0.5234451374619457,0.5
835.0,0.0,0.5,0.5,0.0,0.0,0.08333333333333333,0.42857142857142855,0.38095238095238093,0.09523809523809523,0.011904761904761904,0.08417937871268423,0.9819117564383707,1.0
839.0,0.0,0.0,0.0,0.75,0.25,0.0,0.0625,0.14583333333333334,0.125,0.6666666666666666,0.34333940124087775,0.17352208423120916,0.5
845.0,1.0,0.0,0.0,0.0,0.0,0.7368421052631579,0.06578947368421052,0.14473684210526316,0.02631578947368421,0.02631578947368421,0.1385020775467449,0.9872714370363694,1.0
853.0,0.0,0.25,0.0,0.5,0.25,0.7368421052631579,0.06578947368421052,0.14473684210526316,0.02631578947368421,0.02631578947368421,0.4176673118398199,-0.6441273353076864,0.125
866.0,0.0,0.0,0.75,0.25,0.0,0.08333333333333333,0.42857142857142855,0.38095238095238093,0.09523809523809523,0.011904761904761904,0.2649177342038309,0.4412634972099502,0.75
868.0,0.0,0.0,0.0,0.25,0.75,0.0,0.0625,0.14583333333333334,0.125,0.6666666666666666,0.09771699499632146,0.9513797031986987,1.0
875.0,0.0,0.25,0.0,0.75,0.0,0.7368421052631579,0.06578947368421052,0.14473684210526316,0.02631578947368421,0.02631578947368421,0.47375730430200375,-0.41332939211993996,0.125
877.0,0.0,0.0,0.25,0.0,0.75,0.0,0.0625,0.14583333333333334,0.125,0.6666666666666666,0.08640183897219884,0.9663385035634581,1.0
878.0,0.0,0.0,0.25,0.5,0.25,0.0,0.0625,0.14583333333333334,0.125,0.6666666666666666,0.25651239952702304,0.29372624416704274,0.5
880.0,0.75,0.0,0.25,0.0,0.0,0.7368421052631579,0.06578947368421052,0.14473684210526316,0.02631578947368421,0.02631578947368421,0.05825248321362803,0.9810348222605806,1.0
881.0,0.0,0.75,0.25,0.0,0.0,0.0375,0.3,0.4875,0.175,0.0,0.24122085316157887,0.5637907596977952,0.75
888.0,1.0,0.0,0.0,0.0,0.0,0.7368421052631579,0.06578947368421052,0.14473684210526316,0.02631578947368421,0.02631578947368421,0.1385020775467449,0.9872714370363694,1.0
890.0,0.0,0.0,0.25,0.25,0.5,0.0,0.1375,0.2,0.3625,0.3,0.12170661444638085,0.7644294722274942,0.75
894.0,1.0,0.0,0.0,0.0,0.0,0.7368421052631579,0.06578947368421052,0.14473684210526316,0.02631578947368421,0.02631578947368421,0.1385020775467449,0.9872714370363694,1.0
895.0,0.0,0.0,0.25,0.25,0.5,0.0,0.1375,0.2,0.3625,0.3,0.12170661444638085,0.7644294722274942,0.75
899.0,0.0,0.0,0.25,0.5,0.25,0.0,0.0625,0.14583333333333334,0.125,0.6666666666666666,0.25651239952702304,0.29372624416704274,0.5
901.0,0.0,0.25,0.0,0.5,0.25,0.0,0.06666666666666667,0.21666666666666667,0.21666666666666667,0.5,0.21134489978863144,0.31033560252704917,0.625
907.0,0.0,0.25,0.5,0.25,0.0,0.0375,0.3,0.4875,0.175,0.0,0.04401704215414753,0.9720729990961112,1.0
912.0,0.75,0.0,0.25,0.0,0.0,0.7368421052631579,0.06578947368421052,0.14473684210526316,0.02631578947368421,0.02631578947368421,0.05825248321362803,0.9810348222605806,1.0
914.0,0.0,0.5,0.5,0.0,0.0,0.7368421052631579,0.06578947368421052,0.14473684210526316,0.02631578947368421,0.02631578947368421,0.4145050113474299,-0.28450720686628184,0.5
915.0,0.0,0.0,0.75,0.25,0.0,0.7368421052631579,0.06578947368421052,0.14473684210526316,0.02631578947368421,0.02631578947368421,0.4391662965336483,-0.21413450435129422,0.75
916.0,0.0,0.25,0.5,0.25,0.0,0.08333333333333333,0.42857142857142855,0.38095238095238093,0.09523809523809523,0.011904761904761904,0.12417528390862188,0.7624050911360123,0.75
921.0,0.0,0.5,0.5,0.0,0.0,0.0375,0.3,0.4875,0.175,0.0,0.12015614840697916,0.8852085966717996,0.75
922.0,0.0,0.0,0.0,0.25,0.75,0.0,0.0625,0.14583333333333334,0.125,0.6666666666666666,0.09771699499632146,0.9513797031986987,1.0
929.0,0.0,0.0,0.0,0.75,0.25,0.0,0.0625,0.14583333333333334,0.125,0.6666666666666666,0.34333940124087775,0.17352208423120916,0.5
930.0,0.75,0.0,0.25,0.0,0.0,0.7368421052631579,0.06578947368421052,0.14473684210526316,0.02631578947368421,0.02631578947368421,0.05825248321362803,0.9810348222605806,1.0
931.0,1.0,0.0,0.0,0.0,0.0,0.7368421052631579,0.06578947368421052,0.14473684210526316,0.02631578947368421,0.02631578947368421,0.1385020775467449,0.9872714370363694,1.0
936.0,0.0,0.5,0.25,0.25,0.0,0.7368421052631579,0.06578947368421052,0.14473684210526316,0.02631578947368421,0.02631578947368421,0.39831709691562434,-0.48891592920944865,0.5
937.0,0.0,0.0,0.5,0.5,0.0,0.0,0.07142857142857142,0.20238095238095238,0.21428571428571427,0.5119047619047619,0.2957560740353411,0.03876703602070262,0.5
942.0,0.25,0.5,0.25,0.0,0.0,0.08333333333333333,0.42857142857142855,0.38095238095238093,0.09523809523809523,0.011904761904761904,0.10884885191107106,0.8184642890136602,1.0
943.0,0.0,0.0,0.75,0.25,0.0,0.0,0.06666666666666667,0.21666666666666667,0.21666666666666667,0.5,0.3286335345030997,0.0663796420958745,0.625
944.0,1.0,0.0,0.0,0.0,0.0,0.7368421052631579,0.06578947368421052,0.14473684210526316,0.02631578947368421,0.02631578947368421,0.1385020775467449,0.9872714370363694,1.0
945.0,0.75,0.0,0.25,0.0,0.0,0.0375,0.3,0.4875,0.175,0.0,0.37005067220584803,-0.19192876925882388,0.25
946.0,0.0,0.25,0.0,0.25,0.5,0.0,0.1375,0.2,0.3625,0.3,0.14512925273699992,0.6326312873606849,0.75
948.0,0.0,0.5,0.0,0.5,0.0,0.0375,0.3,0.4875,0.175,0.0,0.2773760984656032,0.17133069613002572,1.0
952.0,0.0,0.5,0.5,0.0,0.0,0.0375,0.3,0.4875,0.175,0.0,0.12015614840697916,0.8852085966717996,0.75
958.0,0.0,0.5,0.5,0.0,0.0,0.7368421052631579,0.06578947368421052,0.14473684210526316,0.02631578947368421,0.02631578947368421,0.4145050113474299,-0.28450720686628184,0.5
959.0,1.0,0.0,0.0,0.0,0.0,0.08333333333333333,0.42857142857142855,0.38095238095238093,0.09523809523809523,0.011904761904761904,0.48544577078380446,-0.34259870933135506,0.25
960.0,0.25,0.5,0.0,0.25,0.0,0.0375,0.3,0.4875,0.175,0.0,0.25629572762728603,0.018693711521079077,0.75
963.0,0.0,0.5,0.25,0.25,0.0,0.0,0.0625,0.14583333333333334,0.125,0.6666666666666666,0.3639577966987076,-0.452245169590526,0.25
967.0,0.0,0.0,0.0,0.25,0.75,0.0,0.0625,0.14583333333333334,0.125,0.6666666666666666,0.09771699499632146,0.9513797031986987,1.0
968.0,0.0,0.0,0.5,0.5,0.0,0.0,0.1375,0.2,0.3625,0.3,0.20871631464741802,0.5234451374619457,0.5
969.0,0.0,0.25,0.25,0.5,0.0,0.0,0.1375,0.2,0.3625,0.3,0.15751984002023364,0.5535523764405995,1.0
971.0,1.0,0.0,0.0,0.0,0.0,0.7368421052631579,0.06578947368421052,0.14473684210526316,0.02631578947368421,0.02631578947368421,0.1385020775467449,0.9872714370363694,1.0
972.0,0.0,0.0,0.25,0.0,0.75,0.7368421052631579,0.06578947368421052,0.14473684210526316,0.02631578947368421,0.02631578947368421,0.4653506705027899,-0.3635306701777785,0.125
978.0,0.0,0.25,0.0,0.75,0.0,0.7368421052631579,0.06578947368421052,0.14473684210526316,0.02631578947368421,0.02631578947368421,0.47375730430200375,-0.41332939211993996,0.125
982.0,0.0,0.0,0.25,0.5,0.25,0.08333333333333333,0.42857142857142855,0.38095238095238093,0.09523809523809523,0.011904761904761904,0.2926731903879856,-0.3400924671243976,0.5
983.0,0.0,0.5,0.5,0.0,0.0,0.7368421052631579,0.06578947368421052,0.14473684210526316,0.02631578947368421,0.02631578947368421,0.4145050113474299,-0.28450720686628184,0.5
986.0,0.75,0.0,0.0,0.25,0.0,0.7368421052631579,0.06578947368421052,0.14473684210526316,0.02631578947368421,0.02631578947368421,0.12343199367956392,0.9063367393473384,1.0
995.0,1.0,0.0,0.0,0.0,0.0,0.7368421052631579,0.06578947368421052,0.14473684210526316,0.02631578947368421,0.02631578947368421,0.1385020775467449,0.9872714370363694,1.0
996.0,1.0,0.0,0.0,0.0,0.0,0.7368421052631579,0.06578947368421052,0.14473684210526316,0.02631578947368421,0.02631578947368421,0.1385020775467449,0.9872714370363694,1.0
997.0,0.0,0.0,0.0,0.25,0.75,0.0,0.1375,0.2,0.3625,0.3,0.2341206953688631,0.6258434455283736,0.75
998.0,0.0,0.5,0.0,0.5,0.0,0.7368421052631579,0.06578947368421052,0.14473684210526316,0.02631578947368421,0.02631578947368421,0.4421522531418886,-0.46232421115770794,0.75
999.0,0.0,0.0,0.25,0.25,0.5,0.0,0.1375,0.2,0.3625,0.3,0.12170661444638085,0.7644294722274942,0.75
1002.0,0.0,0.0,0.5,0.5,0.0,0.08333333333333333,0.42857142857142855,0.38095238095238093,0.09523809523809523,0.011904761904761904,0.27157473090683565,0.18268125701178992,0.75
1005.0,0.0,0.25,0.0,0.0,0.75,0.0,0.0625,0.14583333333333334,0.125,0.6666666666666666,0.12569252607498632,0.9065033021044204,1.0
1007.0,0.5,0.0,0.5,0.0,0.0,0.7368421052631579,0.06578947368421052,0.14473684210526316,0.02631578947368421,0.02631578947368421,0.19391719396779514,0.7231224841184661,0.5
1022.0,0.0,0.0,0.25,0.75,0.0,0.0,0.1375,0.2,0.3625,0.3,0.2287192602296536,0.6596728209623398,1.0
1023.0,0.0,0.5,0.5,0.0,0.0,0.0375,0.3,0.4875,0.175,0.0,0.12015614840697916,0.8852085966717996,0.75
1025.0,0.0,0.25,0.0,0.0,0.75,0.0,0.07142857142857142,0.20238095238095238,0.21428571428571427,0.5119047619047619,0.18732512631210424,0.7886792642906892,1.0
1039.0,0.0,0.25,0.25,0.25,0.25,0.0,0.1375,0.2,0.3625,0.3,0.07786205751198717,0.7890298431524714,0.5
1042.0,0.25,0.25,0.5,0.0,0.0,0.7368421052631579,0.06578947368421052,0.14473684210526316,0.02631578947368421,0.02631578947368421,0.28232807383297576,0.2871411012817397,0.75
1043.0,0.0,0.25,0.25,0.5,0.0,0.08333333333333333,0.42857142857142855,0.38095238095238093,0.09523809523809523,0.011904761904761904,0.2097401480528118,0.3139315081148286,0.5
1050.0,0.75,0.0,0.0,0.25,0.0,0.7368421052631579,0.06578947368421052,0.14473684210526316,0.02631578947368421,0.02631578947368421,0.12343199367956392,0.9063367393473384,1.0
1051.0,0.0,0.0,0.5,0.5,0.0,0.0,0.0625,0.14583333333333334,0.125,0.6666666666666666,0.37799728100139085,-0.220776217842366,0.75
1052.0,0.0,0.5,0.5,0.0,0.0,0.7368421052631579,0.06578947368421052,0.14473684210526316,0.02631578947368421,0.02631578947368421,0.4145050113474299,-0.28450720686628184,0.5
1058.0,0.0,0.25,0.75,0.0,0.0,0.0,0.1375,0.2,0.3625,0.3,0.32758586660599387,-0.08457343858491526,0.5
1063.0,0.0,0.5,0.5,0.0,0.0,0.08333333333333333,0.42857142857142855,0.38095238095238093,0.09523809523809523,0.011904761904761904,0.08417937871268423,0.9819117564383707,1.0
1065.0,0.0,0.5,0.5,0.0,0.0,0.0375,0.3,0.4875,0.175,0.0,0.12015614840697916,0.8852085966717996,0.75
1066.0,0.0,0.0,0.0,0.25,0.75,0.0,0.0625,0.14583333333333334,0.125,0.6666666666666666,0.09771699499632146,0.9513797031986987,1.0
1069.0,0.0,0.5,0.0,0.5,0.0,0.0375,0.3,0.4875,0.175,0.0,0.2773760984656032,0.17133069613002572,1.0
1070.0,1.0,0.0,0.0,0.0,0.0,0.0,0.1375,0.2,0.3625,0.3,0.5060261850932222,-0.7890298431524715,0.0
1073.0,0.25,0.5,0.0,0.25,0.0,0.7368421052631579,0.06578947368421052,0.14473684210526316,0.02631578947368421,0.02631578947368421,0.3153505721883209,0.0931268436589426,0.5
1081.0,1.0,0.0,0.0,0.0,0.0,0.7368421052631579,0.06578947368421052,0.14473684210526316,0.02631578947368421,0.02631578947368421,0.1385020775467449,0.9872714370363694,1.0
1090.0,0.0,0.25,0.75,0.0,0.0,0.0375,0.3,0.4875,0.175,0.0,0.14383149863642525,0.92365720205809,1.0
1091.0,0.0,0.0,0.75,0.25,0.0,0.7368421052631579,0.06578947368421052,0.14473684210526316,0.02631578947368421,0.02631578947368421,0.4391662965336483,-0.21413450435129422,0.75
1092.0,0.0,0.5,0.25,0.25,0.0,0.0375,0.3,0.4875,0.175,0.0,0.14383149863642525,0.6916673262799252,0.75
1098.0,1.0,0.0,0.0,0.0,0.0,0.7368421052631579,0.06578947368421052,0.14473684210526316,0.02631578947368421,0.02631578947368421,0.1385020775467449,0.9872714370363694,1.0
1102.0,0.0,0.25,0.75,0.0,0.0,0.0375,0.3,0.4875,0.175,0.0,0.14383149863642525,0.92365720205809,1.0
1103.0,0.0,0.5,0.25,0.25,0.0,0.0,0.35714285714285715,0.44047619047619047,0.15476190476190477,0.047619047619047616,0.11664236870396084,0.7920712357905166,0.75
1109.0,0.0,0.25,0.25,0.5,0.0,0.0,0.07142857142857142,0.20238095238095238,0.21428571428571427,0.5119047619047619,0.2748943313785067,-0.1486483256814676,0.75
1110.0,0.0,0.0,0.25,0.75,0.0,0.0,0.0625,0.14583333333333334,0.125,0.6666666666666666,0.41226845353213454,-0.2004479248877761,0.5
1114.0,1.0,0.0,0.0,0.0,0.0,0.7368421052631579,0.06578947368421052,0.14473684210526316,0.02631578947368421,0.02631578947368421,0.1385020775467449,0.9872714370363694,1.0
1117.0,0.5,0.25,0.25,0.0,0.0,0.125,0.1875,0.5416666666666666,0.14583333333333334,0.0,0.22399466759526018,0.2632346099985037,0.25
1120.0,0.75,0.0,0.25,0.0,0.0,0.7368421052631579,0.06578947368421052,0.14473684210526316,0.02631578947368421,0.02631578947368421,0.05825248321362803,0.9810348222605806,1.0
1122.0,0.25,0.25,0.25,0.25,0.0,0.7368421052631579,0.06578947368421052,0.14473684210526316,0.02631578947368421,0.02631578947368421,0.25797528280320986,0.3194113472764725,0.5
1125.0,0.0,0.25,0.25,0.5,0.0,0.0,0.06666666666666667,0.21666666666666667,0.21666666666666667,0.5,0.2701851217221259,-0.12930650105293712,0.625
1126.0,0.0,0.25,0.75,0.0,0.0,0.7368421052631579,0.06578947368421052,0.14473684210526316,0.02631578947368421,0.02631578947368421,0.4346489015171069,-0.18923514338021347,0.75
1127.0,0.0,0.25,0.25,0.5,0.0,0.0,0.0625,0.14583333333333334,0.125,0.6666666666666666,0.35526789578820345,-0.38231034955075394,0.5
1129.0,0.25,0.0,0.25,0.5,0.0,0.125,0.1875,0.5416666666666666,0.14583333333333334,0.0,0.2285977787390867,0.23262593441728235,0.5
1138.0,0.0,0.0,0.25,0.0,0.75,0.14583333333333334,0.08333333333333333,0.14583333333333334,0.4166666666666667,0.20833333333333334,0.3181434861470179,-0.04337547029997982,0.75
1139.0,0.0,0.25,0.0,0.75,0.0,0.08333333333333333,0.42857142857142855,0.38095238095238093,0.09523809523809523,0.011904761904761904,0.35008907191833905,-0.08633416249759894,0.5
1140.0,0.0,0.0,1.0,0.0,0.0,0.7368421052631579,0.06578947368421052,0.14473684210526316,0.02631578947368421,0.02631578947368421,0.5059890618856523,-0.10163088322433214,0.75
1143.0,0.0,0.0,0.75,0.0,0.25,0.0375,0.3,0.4875,0.175,0.0,0.22513884604838855,0.6357640481698541,1.0
1144.0,0.0,0.0,0.0,0.0,1.0,0.0,0.0625,0.14583333333333334,0.125,0.6666666666666666,0.1743041721945991,0.9769093077128723,1.0
1146.0,0.0,0.0,0.25,0.75,0.0,0.14583333333333334,0.08333333333333333,0.14583333333333334,0.4166666666666667,0.20833333333333334,0.19676198255195992,0.8860988932710165,1.0
1147.0,0.0,0.0,0.25,0.0,0.75,0.0,0.06666666666666667,0.21666666666666667,0.21666666666666667,0.5,0.15165750888103102,0.9127200788182733,1.0
1149.0,0.0,0.0,0.25,0.25,0.5,0.0,0.0625,0.14583333333333334,0.125,0.6666666666666666,0.10785149254620652,0.8998280178450674,1.0
1155.0,0.0,0.0,0.25,0.75,0.0,0.0,0.1375,0.2,0.3625,0.3,0.2287192602296536,0.6596728209623398,1.0
1160.0,0.0,0.0,0.25,0.25,0.5,0.0,0.1375,0.2,0.3625,0.3,0.12170661444638085,0.7644294722274942,0.75
1162.0,1.0,0.0,0.0,0.0,0.0,0.7368421052631579,0.06578947368421052,0.14473684210526316,0.02631578947368421,0.02631578947368421,0.1385020775467449,0.9872714370363694,1.0
1165.0,0.0,0.5,0.5,0.0,0.0,0.0,0.1375,0.2,0.3625,0.3,0.29759452279905957,-0.20132505286997893,0.25
1166.0,1.0,0.0,0.0,0.0,0.0,0.7368421052631579,0.06578947368421052,0.14473684210526316,0.02631578947368421,0.02631578947368421,0.1385020775467449,0.9872714370363694,1.0
1167.0,0.0,0.0,0.0,0.25,0.75,0.0,0.0625,0.14583333333333334,0.125,0.6666666666666666,0.09771699499632146,0.9513797031986987,1.0
1168.0,0.0,0.5,0.5,0.0,0.0,0.08333333333333333,0.42857142857142855,0.38095238095238093,0.09523809523809523,0.011904761904761904,0.08417937871268423,0.9819117564383707,1.0
1169.0,0.0,0.0,0.0,0.5,0.5,0.0,0.1375,0.2,0.3625,0.3,0.15350081433008753,0.845565222053912,1.0
1174.0,0.0,0.25,0.75,0.0,0.0,0.0375,0.3,0.4875,0.175,0.0,0.14383149863642525,0.92365720205809,1.0
1175.0,0.0,0.0,0.0,0.0,1.0,0.0,0.0625,0.14583333333333334,0.125,0.6666666666666666,0.1743041721945991,0.9769093077128723,1.0
1178.0,0.0,0.25,0.0,0.25,0.5,0.0,0.0625,0.14583333333333334,0.125,0.6666666666666666,0.14129854131510974,0.8065815911253712,1.0
1180.0,0.75,0.0,0.0,0.25,0.0,0.7368421052631579,0.06578947368421052,0.14473684210526316,0.02631578947368421,0.02631578947368421,0.12343199367956392,0.9063367393473384,1.0
1181.0,0.0,0.25,0.75,0.0,0.0,0.0375,0.3,0.4875,0.175,0.0,0.14383149863642525,0.92365720205809,1.0
1182.0,0.0,0.0,0.0,0.0,1.0,0.0,0.0625,0.14583333333333334,0.125,0.6666666666666666,0.1743041721945991,0.9769093077128723,1.0
1187.0,0.0,0.0,0.25,0.25,0.5,0.0,0.1375,0.2,0.3625,0.3,0.12170661444638085,0.7644294722274942,0.75
1188.0,0.0,0.25,0.0,0.0,0.75,0.0,0.1375,0.2,0.3625,0.3,0.27805125426798566,0.32137906662267834,0.75
1189.0,0.0,0.0,0.25,0.5,0.25,0.08333333333333333,0.42857142857142855,0.38095238095238093,0.09523809523809523,0.011904761904761904,0.2926731903879856,-0.3400924671243976,0.5
1203.0,0.25,0.25,0.5,0.0,0.0,0.0375,0.3,0.4875,0.175,0.0,0.12524975049875348,0.7664421723642415,1.0
1204.0,0.0,0.0,0.25,0.0,0.75,0.0,0.1375,0.2,0.3625,0.3,0.2665755052513265,0.40595250520759374,0.75
1209.0,0.0,0.0,0.25,0.5,0.25,0.0,0.1375,0.2,0.3625,0.3,0.09253377761660873,0.8962276570943039,1.0
1210.0,0.75,0.25,0.0,0.0,0.0,0.7368421052631579,0.06578947368421052,0.14473684210526316,0.02631578947368421,0.02631578947368421,0.10624541704308606,0.9312361003184191,1.0
1212.0,0.0,0.5,0.25,0.25,0.0,0.08333333333333333,0.42857142857142855,0.38095238095238093,0.09523809523809523,0.011904761904761904,0.10323563518418476,0.8371506883062094,1.0
1213.0,0.0,0.25,0.5,0.25,0.0,0.0,0.1375,0.2,0.3625,0.3,0.20263884129159443,0.210877095786895,0.5
1224.0,0.0,0.25,0.5,0.25,0.0,0.0,0.1375,0.2,0.3625,0.3,0.20263884129159443,0.210877095786895,0.5
1228.0,0.0,0.25,0.25,0.5,0.0,0.7368421052631579,0.06578947368421052,0.14473684210526316,0.02631578947368421,0.02631578947368421,0.40324171177637796,-0.5277187807340081,0.125
1232.0,0.5,0.25,0.25,0.0,0.0,0.7368421052631579,0.06578947368421052,0.14473684210526316,0.02631578947368421,0.02631578947368421,0.14317337377616254,0.869183874150131,1.0
1236.0,0.0,0.25,0.25,0.5,0.0,0.08333333333333333,0.42857142857142855,0.38095238095238093,0.09523809523809523,0.011904761904761904,0.2097401480528118,0.3139315081148286,0.5
1237.0,0.0,0.25,0.75,0.0,0.0,0.7368421052631579,0.06578947368421052,0.14473684210526316,0.02631578947368421,0.02631578947368421,0.4346489015171069,-0.18923514338021347,0.75
1247.0,0.0,0.0,0.0,0.5,0.5,0.0,0.07142857142857142,0.20238095238095238,0.21428571428571427,0.5119047619047619,0.1598965084798173,0.7587262764051785,0.75
1248.0,0.0,0.5,0.25,0.25,0.0,0.0375,0.3,0.4875,0.175,0.0,0.14383149863642525,0.6916673262799252,0.75
1251.0,0.0,0.5,0.25,0.25,0.0,0.08333333333333333,0.42857142857142855,0.38095238095238093,0.09523809523809523,0.011904761904761904,0.10323563518418476,0.8371506883062094,1.0
1252.0,0.0,0.5,0.0,0.5,0.0,0.0,0.1375,0.2,0.3625,0.3,0.23677520985103148,0.3221200845919665,0.5
1253.0,0.75,0.0,0.0,0.25,0.0,0.7368421052631579,0.06578947368421052,0.14473684210526316,0.02631578947368421,0.02631578947368421,0.12343199367956392,0.9063367393473384,1.0
1264.0,0.0,0.5,0.25,0.25,0.0,0.08333333333333333,0.42857142857142855,0.38095238095238093,0.09523809523809523,0.011904761904761904,0.10323563518418476,0.8371506883062094,1.0
1269.0,0.0,0.0,0.25,0.25,0.5,0.7368421052631579,0.06578947368421052,0.14473684210526316,0.02631578947368421,0.02631578947368421,0.4081069057702848,-0.5665216322585676,0.125
1270.0,0.0,0.5,0.5,0.0,0.0,0.0375,0.3,0.4875,0.175,0.0,0.12015614840697916,0.8852085966717996,0.75
1273.0,0.0,0.0,0.0,0.5,0.5,0.7368421052631579,0.06578947368421052,0.14473684210526316,0.02631578947368421,0.02631578947368421,0.4509915207634773,-0.5215965459215167,0.125
1275.0,1.0,0.0,0.0,0.0,0.0,0.7368421052631579,0.06578947368421052,0.14473684210526316,0.02631578947368421,0.02631578947368421,0.1385020775467449,0.9872714370363694,1.0
1279.0,0.0,0.25,0.0,0.25,0.5,0.7368421052631579,0.06578947368421052,0.14473684210526316,0.02631578947368421,0.02631578947368421,0.4176673118398199,-0.6441273353076864,0.125
1281.0,0.0,0.5,0.25,0.25,0.0,0.7368421052631579,0.06578947368421052,0.14473684210526316,0.02631578947368421,0.02631578947368421,0.39831709691562434,-0.48891592920944865,0.5
1289.0,0.0,0.25,0.0,0.75,0.0,0.0,0.06666666666666667,0.21666666666666667,0.21666666666666667,0.5,0.3507135583350036,-0.082974552619843,0.625
1292.0,0.75,0.0,0.25,0.0,0.0,0.7368421052631579,0.06578947368421052,0.14473684210526316,0.02631578947368421,0.02631578947368421,0.05825248321362803,0.9810348222605806,1.0
1293.0,0.25,0.25,0.0,0.5,0.0,0.0375,0.3,0.4875,0.175,0.0,0.2796202782346087,-0.16824340368971155,0.5
1294.0,0.0,0.25,0.0,0.0,0.75,0.0,0.0625,0.14583333333333334,0.125,0.6666666666666666,0.12569252607498632,0.9065033021044204,1.0
1300.0,0.0,0.5,0.5,0.0,0.0,0.0375,0.3,0.4875,0.175,0.0,0.12015614840697916,0.8852085966717996,0.75
1301.0,0.0,0.0,0.25,0.0,0.75,0.0,0.0625,0.14583333333333334,0.125,0.6666666666666666,0.08640183897219884,0.9663385035634581,1.0
1304.0,0.0,0.5,0.0,0.5,0.0,0.0375,0.3,0.4875,0.175,0.0,0.2773760984656032,0.17133069613002572,1.0
1306.0,0.0,0.5,0.25,0.25,0.0,0.08333333333333333,0.42857142857142855,0.38095238095238093,0.09523809523809523,0.011904761904761904,0.10323563518418476,0.8371506883062094,1.0
1311.0,0.0,0.0,0.75,0.25,0.0,0.14583333333333334,0.08333333333333333,0.14583333333333334,0.4166666666666667,0.20833333333333334,0.3047653924651624,0.08055444484281968,0.375
1320.0,0.0,0.5,0.5,0.0,0.0,0.08333333333333333,0.42857142857142855,0.38095238095238093,0.09523809523809523,0.011904761904761904,0.08417937871268423,0.9819117564383707,1.0
1324.0,1.0,0.0,0.0,0.0,0.0,0.7368421052631579,0.06578947368421052,0.14473684210526316,0.02631578947368421,0.02631578947368421,0.1385020775467449,0.9872714370363694,1.0
1334.0,0.0,0.25,0.25,0.5,0.0,0.0,0.0625,0.14583333333333334,0.125,0.6666666666666666,0.35526789578820345,-0.38231034955075394,0.5
1335.0,0.0,0.5,0.25,0.25,0.0,0.0375,0.3,0.4875,0.175,0.0,0.14383149863642525,0.6916673262799252,0.75
1336.0,0.0,0.0,0.0,0.25,0.75,0.0,0.1375,0.2,0.3625,0.3,0.2341206953688631,0.6258434455283736,0.75
1340.0,0.25,0.25,0.5,0.0,0.0,0.7368421052631579,0.06578947368421052,0.14473684210526316,0.02631578947368421,0.02631578947368421,0.28232807383297576,0.2871411012817397,0.75
1343.0,0.25,0.0,0.25,0.5,0.0,0.14583333333333334,0.08333333333333333,0.14583333333333334,0.4166666666666667,0.20833333333333334,0.1256925260749863,0.7532102128668186,1.0
1345.0,0.0,0.0,0.5,0.0,0.5,0.7368421052631579,0.06578947368421052,0.14473684210526316,0.02631578947368421,0.02631578947368421,0.42392114983123713,-0.3437795416300905,0.125
1352.0,0.0,0.25,0.0,0.25,0.5,0.0,0.0625,0.14583333333333334,0.125,0.6666666666666666,0.14129854131510974,0.8065815911253712,1.0
1353.0,0.0,0.25,0.75,0.0,0.0,0.0375,0.3,0.4875,0.175,0.0,0.14383149863642525,0.92365720205809,1.0
1365.0,0.0,0.25,0.25,0.5,0.0,0.7368421052631579,0.06578947368421052,0.14473684210526316,0.02631578947368421,0.02631578947368421,0.40324171177637796,-0.5277187807340081,0.125
1370.0,0.75,0.0,0.0,0.25,0.0,0.7368421052631579,0.06578947368421052,0.14473684210526316,0.02631578947368421,0.02631578947368421,0.12343199367956392,0.9063367393473384,1.0
1375.0,0.0,0.0,0.25,0.5,0.25,0.0,0.1375,0.2,0.3625,0.3,0.09253377761660873,0.8962276570943039,1.0
1378.0,0.0,0.25,0.25,0.25,0.25,0.0,0.0625,0.14583333333333334,0.125,0.6666666666666666,0.2169069180803395,0.418675417591231,0.75
1379.0,0.0,0.0,0.5,0.0,0.5,0.7368421052631579,0.06578947368421052,0.14473684210526316,0.02631578947368421,0.02631578947368421,0.42392114983123713,-0.3437795416300905,0.125
1383.0,0.0,0.25,0.25,0.25,0.25,0.14583333333333334,0.08333333333333333,0.14583333333333334,0.4166666666666667,0.20833333333333334,0.1337233877990101,0.23485454639722528,0.375
1389.0,0.0,0.5,0.25,0.25,0.0,0.0375,0.3,0.4875,0.175,0.0,0.14383149863642525,0.6916673262799252,0.75
1393.0,0.0,0.25,0.0,0.5,0.25,0.7368421052631579,0.06578947368421052,0.14473684210526316,0.02631578947368421,0.02631578947368421,0.4176673118398199,-0.6441273353076864,0.125
1394.0,0.0,0.0,0.25,0.25,0.5,0.7368421052631579,0.06578947368421052,0.14473684210526316,0.02631578947368421,0.02631578947368421,0.4081069057702848,-0.5665216322585676,0.125
1395.0,1.0,0.0,0.0,0.0,0.0,0.7368421052631579,0.06578947368421052,0.14473684210526316,0.02631578947368421,0.02631578947368421,0.1385020775467449,0.9872714370363694,1.0
1399.0,1.0,0.0,0.0,0.0,0.0,0.7368421052631579,0.06578947368421052,0.14473684210526316,0.02631578947368421,0.02631578947368421,0.1385020775467449,0.9872714370363694,1.0
1403.0,0.0,0.75,0.25,0.0,0.0,0.0375,0.3,0.4875,0.175,0.0,0.24122085316157887,0.5637907596977952,0.75
1405.0,0.0,0.0,0.0,0.0,1.0,0.0,0.0625,0.14583333333333334,0.125,0.6666666666666666,0.1743041721945991,0.9769093077128723,1.0
1409.0,0.0,0.25,0.5,0.25,0.0,0.0375,0.3,0.4875,0.175,0.0,0.04401704215414753,0.9720729990961112,1.0
1413.0,0.75,0.0,0.0,0.25,0.0,0.7368421052631579,0.06578947368421052,0.14473684210526316,0.02631578947368421,0.02631578947368421,0.12343199367956392,0.9063367393473384,1.0
1418.0,0.0,0.0,0.0,0.25,0.75,0.0,0.1375,0.2,0.3625,0.3,0.2341206953688631,0.6258434455283736,0.75
1422.0,0.0,0.0,0.0,0.5,0.5,0.0,0.0625,0.14583333333333334,0.125,0.6666666666666666,0.1967619825519599,0.669450467005884,0.5
1427.0,0.0,0.0,0.25,0.25,0.5,0.7368421052631579,0.06578947368421052,0.14473684210526316,0.02631578947368421,0.02631578947368421,0.4081069057702848,-0.5665216322585676,0.125
1428.0,0.0,0.0,0.25,0.25,0.5,0.7368421052631579,0.06578947368421052,0.14473684210526316,0.02631578947368421,0.02631578947368421,0.4081069057702848,-0.5665216322585676,0.125
1431.0,0.25,0.25,0.5,0.0,0.0,0.0,0.35714285714285715,0.44047619047619047,0.15476190476190477,0.047619047619047616,0.14404269964051594,0.6810332120815655,1.0
1435.0,0.75,0.0,0.0,0.25,0.0,0.08333333333333333,0.42857142857142855,0.38095238095238093,0.09523809523809523,0.011904761904761904,0.39933334469012965,-0.4580506954733721,0.25
1436.0,0.75,0.25,0.0,0.0,0.0,0.7368421052631579,0.06578947368421052,0.14473684210526316,0.02631578947368421,0.02631578947368421,0.10624541704308606,0.9312361003184191,1.0
1437.0,0.0,0.0,0.0,0.5,0.5,0.0,0.0625,0.14583333333333334,0.125,0.6666666666666666,0.1967619825519599,0.669450467005884,0.5
1438.0,0.0,0.25,0.5,0.25,0.0,0.0375,0.3,0.4875,0.175,0.0,0.04401704215414753,0.9720729990961112,1.0
1439.0,0.0,0.25,0.25,0.0,0.5,0.0,0.06666666666666667,0.21666666666666667,0.21666666666666667,0.5,0.12780193008453877,0.7499777061070355,1.0
1441.0,0.0,0.0,0.25,0.5,0.25,0.0,0.0625,0.14583333333333334,0.125,0.6666666666666666,0.25651239952702304,0.29372624416704274,0.5
1447.0,0.0,0.5,0.0,0.5,0.0,0.0375,0.3,0.4875,0.175,0.0,0.2773760984656032,0.17133069613002572,1.0
1448.0,0.0,0.0,0.25,0.25,0.5,0.0,0.1375,0.2,0.3625,0.3,0.12170661444638085,0.7644294722274942,0.75
1454.0,0.25,0.5,0.25,0.0,0.0,0.7368421052631579,0.06578947368421052,0.14473684210526316,0.02631578947368421,0.02631578947368421,0.2959795231368945,0.20953539823262085,0.5
1457.0,0.0,0.0,0.5,0.0,0.5,0.0,0.1375,0.2,0.3625,0.3,0.23677520985103148,0.3221200845919665,1.0
1462.0,0.25,0.25,0.25,0.25,0.0,0.7368421052631579,0.06578947368421052,0.14473684210526316,0.02631578947368421,0.02631578947368421,0.25797528280320986,0.3194113472764725,0.5
1463.0,0.0,0.25,0.5,0.25,0.0,0.7368421052631579,0.06578947368421052,0.14473684210526316,0.02631578947368421,0.02631578947368421,0.3882805337036427,-0.4113102261603299,0.75
1464.0,0.0,0.5,0.5,0.0,0.0,0.08333333333333333,0.42857142857142855,0.38095238095238093,0.09523809523809523,0.011904761904761904,0.08417937871268423,0.9819117564383707,1.0
1465.0,0.0,0.0,0.25,0.25,0.5,0.0,0.0625,0.14583333333333334,0.125,0.6666666666666666,0.10785149254620652,0.8998280178450674,1.0
1467.0,0.0,0.25,0.25,0.25,0.25,0.0,0.1375,0.2,0.3625,0.3,0.07786205751198717,0.7890298431524714,0.5
1470.0,0.0,0.0,0.25,0.5,0.25,0.0,0.1375,0.2,0.3625,0.3,0.09253377761660873,0.8962276570943039,1.0
1471.0,0.0,0.75,0.25,0.0,0.0,0.0,0.07142857142857142,0.20238095238095238,0.21428571428571427,0.5119047619047619,0.39260453639185683,-0.37456448835044526,0.25
1472.0,0.0,0.5,0.5,0.0,0.0,0.0375,0.3,0.4875,0.175,0.0,0.12015614840697916,0.8852085966717996,0.75
1475.0,0.0,0.25,0.0,0.5,0.25,0.7368421052631579,0.06578947368421052,0.14473684210526316,0.02631578947368421,0.02631578947368421,0.4176673118398199,-0.6441273353076864,0.125
1476.0,0.0,0.5,0.5,0.0,0.0,0.0375,0.3,0.4875,0.175,0.0,0.12015614840697916,0.8852085966717996,0.75
1486.0,0.0,0.25,0.5,0.25,0.0,0.08333333333333333,0.42857142857142855,0.38095238095238093,0.09523809523809523,0.011904761904761904,0.12417528390862188,0.7624050911360123,0.75
1490.0,0.0,0.25,0.75,0.0,0.0,0.0375,0.3,0.4875,0.175,0.0,0.14383149863642525,0.92365720205809,1.0
1491.0,0.0,0.75,0.25,0.0,0.0,0.0375,0.3,0.4875,0.175,0.0,0.24122085316157887,0.5637907596977952,0.75
1496.0,0.0,0.25,0.5,0.25,0.0,0.0375,0.3,0.4875,0.175,0.0,0.04401704215414753,0.9720729990961112,1.0
1497.0,0.0,0.25,0.0,0.25,0.5,0.0375,0.3,0.4875,0.175,0.0,0.3153371211893709,-0.48603649954805556,0.0
1498.0,0.0,0.0,0.5,0.0,0.5,0.7368421052631579,0.06578947368421052,0.14473684210526316,0.02631578947368421,0.02631578947368421,0.42392114983123713,-0.3437795416300905,0.125
1511.0,0.0,0.0,0.5,0.0,0.5,0.7368421052631579,0.06578947368421052,0.14473684210526316,0.02631578947368421,0.02631578947368421,0.42392114983123713,-0.3437795416300905,0.125
1512.0,1.0,0.0,0.0,0.0,0.0,0.7368421052631579,0.06578947368421052,0.14473684210526316,0.02631578947368421,0.02631578947368421,0.1385020775467449,0.9872714370363694,1.0
1532.0,0.0,0.25,0.75,0.0,0.0,0.0375,0.3,0.4875,0.175,0.0,0.14383149863642525,0.92365720205809,1.0
1533.0,0.0,0.75,0.25,0.0,0.0,0.08333333333333333,0.42857142857142855,0.38095238095238093,0.09523809523809523,0.011904761904761904,0.16530052340675983,0.8729343096979448,1.0
1537.0,0.0,0.25,0.5,0.25,0.0,0.08333333333333333,0.42857142857142855,0.38095238095238093,0.09523809523809523,0.011904761904761904,0.12417528390862188,0.7624050911360123,0.75
1545.0,0.75,0.0,0.0,0.25,0.0,0.7368421052631579,0.06578947368421052,0.14473684210526316,0.02631578947368421,0.02631578947368421,0.12343199367956392,0.9063367393473384,1.0
1547.0,0.0,0.0,0.75,0.25,0.0,0.0,0.0625,0.14583333333333334,0.125,0.6666666666666666,0.40718375595191797,-0.1705303241582573,0.75
1551.0,0.0,0.25,0.0,0.0,0.75,0.0,0.07142857142857142,0.20238095238095238,0.21428571428571427,0.5119047619047619,0.18732512631210424,0.7886792642906892,1.0
1554.0,0.75,0.0,0.0,0.25,0.0,0.7368421052631579,0.06578947368421052,0.14473684210526316,0.02631578947368421,0.02631578947368421,0.12343199367956392,0.9063367393473384,1.0
1555.0,1.0,0.0,0.0,0.0,0.0,0.7368421052631579,0.06578947368421052,0.14473684210526316,0.02631578947368421,0.02631578947368421,0.1385020775467449,0.9872714370363694,1.0
1558.0,0.0,0.75,0.25,0.0,0.0,0.08333333333333333,0.42857142857142855,0.38095238095238093,0.09523809523809523,0.011904761904761904,0.16530052340675983,0.8729343096979448,1.0
1561.0,0.25,0.25,0.5,0.0,0.0,0.7368421052631579,0.06578947368421052,0.14473684210526316,0.02631578947368421,0.02631578947368421,0.28232807383297576,0.2871411012817397,0.75
1563.0,1.0,0.0,0.0,0.0,0.0,0.7368421052631579,0.06578947368421052,0.14473684210526316,0.02631578947368421,0.02631578947368421,0.1385020775467449,0.9872714370363694,1.0
1567.0,0.0,0.25,0.5,0.25,0.0,0.0375,0.3,0.4875,0.175,0.0,0.04401704215414753,0.9720729990961112,1.0
1568.0,0.0,0.75,0.25,0.0,0.0,0.0375,0.3,0.4875,0.175,0.0,0.24122085316157887,0.5637907596977952,0.75
1571.0,0.0,0.0,0.0,0.25,0.75,0.0,0.0625,0.14583333333333334,0.125,0.6666666666666666,0.09771699499632146,0.9513797031986987,1.0
1572.0,1.0,0.0,0.0,0.0,0.0,0.7368421052631579,0.06578947368421052,0.14473684210526316,0.02631578947368421,0.02631578947368421,0.1385020775467449,0.9872714370363694,1.0
1573.0,1.0,0.0,0.0,0.0,0.0,0.0,0.35714285714285715,0.44047619047619047,0.15476190476190477,0.047619047619047616,0.5191895830322982,-0.5816527382727266,0.0
1583.0,0.0,0.75,0.25,0.0,0.0,0.0375,0.3,0.4875,0.175,0.0,0.24122085316157887,0.5637907596977952,0.75
1588.0,0.0,0.25,0.0,0.0,0.75,0.0,0.0625,0.14583333333333334,0.125,0.6666666666666666,0.12569252607498632,0.9065033021044204,1.0
1590.0,0.0,0.25,0.0,0.25,0.5,0.0,0.06666666666666667,0.21666666666666667,0.21666666666666667,0.5,0.12780193008453877,0.7499777061070355,1.0
1591.0,0.0,0.0,0.0,0.5,0.5,0.0,0.0625,0.14583333333333334,0.125,0.6666666666666666,0.1967619825519599,0.669450467005884,0.5
1597.0,0.0,0.5,0.25,0.25,0.0,0.0375,0.3,0.4875,0.175,0.0,0.14383149863642525,0.6916673262799252,0.75
1599.0,0.25,0.25,0.25,0.25,0.0,0.7368421052631579,0.06578947368421052,0.14473684210526316,0.02631578947368421,0.02631578947368421,0.25797528280320986,0.3194113472764725,0.5
1601.0,0.25,0.5,0.25,0.0,0.0,0.7368421052631579,0.06578947368421052,0.14473684210526316,0.02631578947368421,0.02631578947368421,0.2959795231368945,0.20953539823262085,0.5
1603.0,0.0,0.25,0.25,0.25,0.25,0.7368421052631579,0.06578947368421052,0.14473684210526316,0.02631578947368421,0.02631578947368421,0.37094996713349837,-0.9872714370363694,0.75
1604.0,0.0,0.25,0.5,0.25,0.0,0.08333333333333333,0.42857142857142855,0.38095238095238093,0.09523809523809523,0.011904761904761904,0.12417528390862188,0.7624050911360123,0.75
1606.0,0.0,0.0,0.25,0.5,0.25,0.0,0.06666666666666667,0.21666666666666667,0.21666666666666667,0.5,0.17224014243685085,0.5430873044223362,0.625
1607.0,0.0,0.25,0.25,0.25,0.25,0.7368421052631579,0.06578947368421052,0.14473684210526316,0.02631578947368421,0.02631578947368421,0.37094996713349837,-0.9872714370363694,0.75
1609.0,0.75,0.25,0.0,0.0,0.0,0.7368421052631579,0.06578947368421052,0.14473684210526316,0.02631578947368421,0.02631578947368421,0.10624541704308606,0.9312361003184191,1.0
1610.0,0.0,0.5,0.25,0.25,0.0,0.7368421052631579,0.06578947368421052,0.14473684210526316,0.02631578947368421,0.02631578947368421,0.39831709691562434,-0.48891592920944865,0.5
1614.0,0.0,0.75,0.25,0.0,0.0,0.0375,0.3,0.4875,0.175,0.0,0.24122085316157887,0.5637907596977952,0.75
1619.0,0.0,0.0,0.25,0.5,0.25,0.0,0.0625,0.14583333333333334,0.125,0.6666666666666666,0.25651239952702304,0.29372624416704274,0.5
1626.0,0.75,0.0,0.0,0.25,0.0,0.08333333333333333,0.42857142857142855,0.38095238095238093,0.09523809523809523,0.011904761904761904,0.39933334469012965,-0.4580506954733721,0.25
1630.0,0.25,0.0,0.25,0.5,0.0,0.7368421052631579,0.06578947368421052,0.14473684210526316,0.02631578947368421,0.02631578947368421,0.30902850185451947,0.131929695183502,0.125
1642.0,1.0,0.0,0.0,0.0,0.0,0.7368421052631579,0.06578947368421052,0.14473684210526316,0.02631578947368421,0.02631578947368421,0.1385020775467449,0.9872714370363694,1.0
1645.0,0.0,0.5,0.5,0.0,0.0,0.0375,0.3,0.4875,0.175,0.0,0.12015614840697916,0.8852085966717996,0.75
1650.0,1.0,0.0,0.0,0.0,0.0,0.7368421052631579,0.06578947368421052,0.14473684210526316,0.02631578947368421,0.02631578947368421,0.1385020775467449,0.9872714370363694,1.0
1652.0,0.25,0.25,0.5,0.0,0.0,0.0375,0.3,0.4875,0.175,0.0,0.12524975049875348,0.7664421723642415,1.0
1653.0,0.0,0.5,0.5,0.0,0.0,0.08333333333333333,0.42857142857142855,0.38095238095238093,0.09523809523809523,0.011904761904761904,0.08417937871268423,0.9819117564383707,1.0
1654.0,0.0,0.25,0.25,0.25,0.25,0.0375,0.3,0.4875,0.175,0.0,0.16027320424824604,0.45464551469393283,1.0
1667.0,0.0,0.25,0.75,0.0,0.0,0.08333333333333333,0.42857142857142855,0.38095238095238093,0.09523809523809523,0.011904761904761904,0.19195851781663212,0.7770074624783901,0.75
1675.0,1.0,0.0,0.0,0.0,0.0,0.7368421052631579,0.06578947368421052,0.14473684210526316,0.02631578947368421,0.02631578947368421,0.1385020775467449,0.9872714370363694,1.0
1679.0,0.25,0.0,0.5,0.25,0.0,0.7368421052631579,0.06578947368421052,0.14473684210526316,0.02631578947368421,0.02631578947368421,0.2892343508217702,0.2483382497571803,0.75
1682.0,0.0,0.25,0.5,0.25,0.0,0.7368421052631579,0.06578947368421052,0.14473684210526316,0.02631578947368421,0.02631578947368421,0.3882805337036427,-0.4113102261603299,0.75
1685.0,0.0,0.5,0.5,0.0,0.0,0.08333333333333333,0.42857142857142855,0.38095238095238093,0.09523809523809523,0.011904761904761904,0.08417937871268423,0.9819117564383707,1.0
1686.0,0.0,0.5,0.5,0.0,0.0,0.7368421052631579,0.06578947368421052,0.14473684210526316,0.02631578947368421,0.02631578947368421,0.4145050113474299,-0.28450720686628184,0.5
1689.0,0.0,0.25,0.5,0.25,0.0,0.0375,0.3,0.4875,0.175,0.0,0.04401704215414753,0.9720729990961112,1.0
1692.0,1.0,0.0,0.0,0.0,0.0,0.7368421052631579,0.06578947368421052,0.14473684210526316,0.02631578947368421,0.02631578947368421,0.1385020775467449,0.9872714370363694,1.0
1693.0,0.0,0.75,0.25,0.0,0.0,0.0375,0.3,0.4875,0.175,0.0,0.24122085316157887,0.5637907596977952,0.75
1694.0,0.0,0.25,0.25,0.5,0.0,0.0,0.1375,0.2,0.3625,0.3,0.15751984002023364,0.5535523764405995,1.0
1695.0,0.5,0.0,0.5,0.0,0.0,0.7368421052631579,0.06578947368421052,0.14473684210526316,0.02631578947368421,0.02631578947368421,0.19391719396779514,0.7231224841184661,0.5
1697.0,1.0,0.0,0.0,0.0,0.0,0.7368421052631579,0.06578947368421052,0.14473684210526316,0.02631578947368421,0.02631578947368421,0.1385020775467449,0.9872714370363694,1.0
1698.0,1.0,0.0,0.0,0.0,0.0,0.7368421052631579,0.06578947368421052,0.14473684210526316,0.02631578947368421,0.02631578947368421,0.1385020775467449,0.9872714370363694,1.0
1701.0,0.25,0.5,0.25,0.0,0.0,0.0375,0.3,0.4875,0.175,0.0,0.18557343559895634,0.4860364995480556,0.75
1704.0,0.0,0.0,0.25,0.5,0.25,0.0,0.1375,0.2,0.3625,0.3,0.09253377761660873,0.8962276570943039,1.0
1713.0,0.0,0.5,0.25,0.0,0.25,0.7368421052631579,0.06578947368421052,0.14473684210526316,0.02631578947368421,0.02631578947368421,0.39831709691562434,-0.48891592920944865,0.5
1714.0,0.0,0.75,0.25,0.0,0.0,0.08333333333333333,0.42857142857142855,0.38095238095238093,0.09523809523809523,0.011904761904761904,0.16530052340675983,0.8729343096979448,1.0
1715.0,0.0,0.0,0.25,0.25,0.5,0.7368421052631579,0.06578947368421052,0.14473684210526316,0.02631578947368421,0.02631578947368421,0.4081069057702848,-0.5665216322585676,0.125
1718.0,0.0,0.25,0.75,0.0,0.0,0.7368421052631579,0.06578947368421052,0.14473684210526316,0.02631578947368421,0.02631578947368421,0.4346489015171069,-0.18923514338021347,0.75
1719.0,0.0,0.25,0.75,0.0,0.0,0.08333333333333333,0.42857142857142855,0.38095238095238093,0.09523809523809523,0.011904761904761904,0.19195851781663212,0.7770074624783901,0.75
1721.0,0.0,0.25,0.25,0.25,0.25,0.0,0.0625,0.14583333333333334,0.125,0.6666666666666666,0.2169069180803395,0.418675417591231,0.75
1723.0,0.0,0.5,0.5,0.0,0.0,0.7368421052631579,0.06578947368421052,0.14473684210526316,0.02631578947368421,0.02631578947368421,0.4145050113474299,-0.28450720686628184,0.5
1730.0,0.5,0.0,0.0,0.25,0.25,0.7368421052631579,0.06578947368421052,0.14473684210526316,0.02631578947368421,0.02631578947368421,0.19049432706161953,0.7139724680518932,1.0
1736.0,0.0,0.0,0.25,0.0,0.75,0.0,0.0625,0.14583333333333334,0.125,0.6666666666666666,0.08640183897219884,0.9663385035634581,1.0
1759.0,0.25,0.0,0.25,0.5,0.0,0.7368421052631579,0.06578947368421052,0.14473684210526316,0.02631578947368421,0.02631578947368421,0.30902850185451947,0.131929695183502,0.125
1760.0,0.0,0.25,0.25,0.25,0.25,0.0375,0.3,0.4875,0.175,0.0,0.16027320424824604,0.45464551469393283,1.0
1761.0,0.0,0.25,0.75,0.0,0.0,0.7368421052631579,0.06578947368421052,0.14473684210526316,0.02631578947368421,0.02631578947368421,0.4346489015171069,-0.18923514338021347,0.75
1766.0,0.0,0.25,0.5,0.25,0.0,0.0,0.07142857142857142,0.20238095238095238,0.21428571428571427,0.5119047619047619,0.27705120395788296,-0.16677617027676853,0.5
1767.0,0.0,0.0,0.75,0.25,0.0,0.08333333333333333,0.42857142857142855,0.38095238095238093,0.09523809523809523,0.011904761904761904,0.2649177342038309,0.4412634972099502,0.75
1768.0,0.0,0.25,0.75,0.0,0.0,0.0375,0.3,0.4875,0.175,0.0,0.14383149863642525,0.92365720205809,1.0
1772.0,0.75,0.0,0.25,0.0,0.0,0.14583333333333334,0.08333333333333333,0.14583333333333334,0.4166666666666667,0.20833333333333334,0.34636004067700676,-0.32221777937127877,0.375
1776.0,0.0,0.25,0.25,0.5,0.0,0.0,0.0625,0.14583333333333334,0.125,0.6666666666666666,0.35526789578820345,-0.38231034955075394,0.5
1779.0,0.0,0.0,0.5,0.0,0.5,0.0,0.1375,0.2,0.3625,0.3,0.23677520985103148,0.3221200845919665,1.0
1782.0,0.0,0.75,0.25,0.0,0.0,0.0375,0.3,0.4875,0.175,0.0,0.24122085316157887,0.5637907596977952,0.75
1787.0,0.25,0.5,0.25,0.0,0.0,0.7368421052631579,0.06578947368421052,0.14473684210526316,0.02631578947368421,0.02631578947368421,0.2959795231368945,0.20953539823262085,0.5
1788.0,1.0,0.0,0.0,0.0,0.0,0.7368421052631579,0.06578947368421052,0.14473684210526316,0.02631578947368421,0.02631578947368421,0.1385020775467449,0.9872714370363694,1.0
1789.0,0.25,0.5,0.0,0.25,0.0,0.0375,0.3,0.4875,0.175,0.0,0.25629572762728603,0.018693711521079077,0.75
1790.0,0.0,0.0,0.5,0.25,0.25,0.0,0.0625,0.14583333333333334,0.125,0.6666666666666666,0.25241885384768264,0.31703785084696673,0.75
1791.0,0.0,0.5,0.5,0.0,0.0,0.08333333333333333,0.42857142857142855,0.38095238095238093,0.09523809523809523,0.011904761904761904,0.08417937871268423,0.9819117564383707,1.0
1792.0,0.0,0.0,0.5,0.5,0.0,0.08333333333333333,0.42857142857142855,0.38095238095238093,0.09523809523809523,0.011904761904761904,0.27157473090683565,0.18268125701178992,0.75
1816.0,0.0,0.0,0.25,0.25,0.5,0.0,0.0625,0.14583333333333334,0.125,0.6666666666666666,0.10785149254620652,0.8998280178450674,1.0
1820.0,0.0,0.5,0.5,0.0,0.0,0.0375,0.3,0.4875,0.175,0.0,0.12015614840697916,0.8852085966717996,0.75
1821.0,0.0,0.0,0.25,0.0,0.75,0.0,0.0625,0.14583333333333334,0.125,0.6666666666666666,0.08640183897219884,0.9663385035634581,1.0
1823.0,0.75,0.0,0.25,0.0,0.0,0.7368421052631579,0.06578947368421052,0.14473684210526316,0.02631578947368421,0.02631578947368421,0.05825248321362803,0.9810348222605806,1.0
1824.0,0.0,0.0,0.25,0.25,0.5,0.0,0.0625,0.14583333333333334,0.125,0.6666666666666666,0.10785149254620652,0.8998280178450674,1.0
1825.0,0.5,0.0,0.25,0.0,0.25,0.7368421052631579,0.06578947368421052,0.14473684210526316,0.02631578947368421,0.02631578947368421,0.1563521134475047,0.8303810226255716,1.0
1828.0,0.0,0.0,0.25,0.25,0.5,0.0,0.1375,0.2,0.3625,0.3,0.12170661444638085,0.7644294722274942,0.75
1831.0,0.0,0.0,0.25,0.0,0.75,0.0,0.0625,0.14583333333333334,0.125,0.6666666666666666,0.08640183897219884,0.9663385035634581,1.0
1832.0,0.0,0.0,0.5,0.25,0.25,0.7368421052631579,0.06578947368421052,0.14473684210526316,0.02631578947368421,0.02631578947368421,0.39333082929543955,-0.45011307768488923,0.75
1850.0,0.0,0.0,0.25,0.5,0.25,0.0,0.06666666666666667,0.21666666666666667,0.21666666666666667,0.5,0.17224014243685085,0.5430873044223362,0.625
1853.0,0.0,0.0,0.25,0.5,0.25,0.0,0.1375,0.2,0.3625,0.3,0.09253377761660873,0.8962276570943039,1.0
1854.0,0.0,0.25,0.25,0.0,0.5,0.0,0.1375,0.2,0.3625,0.3,0.19316443772081857,0.28995600670698063,0.75
1855.0,0.75,0.0,0.0,0.25,0.0,0.7368421052631579,0.06578947368421052,0.14473684210526316,0.02631578947368421,0.02631578947368421,0.12343199367956392,0.9063367393473384,1.0
1856.0,0.0,0.0,0.0,0.25,0.75,0.0,0.0625,0.14583333333333334,0.125,0.6666666666666666,0.09771699499632146,0.9513797031986987,1.0
1863.0,0.0,0.0,0.25,0.25,0.5,0.0,0.0625,0.14583333333333334,0.125,0.6666666666666666,0.10785149254620652,0.8998280178450674,1.0
1864.0,0.0,0.25,0.25,0.5,0.0,0.7368421052631579,0.06578947368421052,0.14473684210526316,0.02631578947368421,0.02631578947368421,0.40324171177637796,-0.5277187807340081,0.125
1869.0,0.0,0.5,0.5,0.0,0.0,0.0375,0.3,0.4875,0.175,0.0,0.12015614840697916,0.8852085966717996,0.75
